code,market,name,sector
060310,KOSDAQ,3S,기계제조
095570,KOSPI,AJ네트웍스,산업기계
006840,KOSPI,AK홀딩스,금융
265520,KOSDAQ,AP시스템,기계제조
211270,KOSDAQ,AP위성,통신방송
027410,KOSPI,BGF,금융
282330,KOSPI,BGF리테일,소매업
138930,KOSPI,BNK금융지주,금융
001460,KOSPI,BYC,의류
001040,KOSPI,CJ,금융
079160,KOSPI,CJ CGV,영상배급
035760,KOSDAQ,CJ ENM,방송업
000120,KOSPI,CJ대한통운,화물운송
011150,KOSPI,CJ씨푸드,식품제조
097950,KOSPI,CJ제일제당,식품제조
051500,KOSDAQ,CJ프레시웨이,음식도매
065770,KOSDAQ,CS,통신방송
000590,KOSPI,CS홀딩스,금융
012030,KOSPI,DB,IT
016610,KOSPI,DB금융투자,금융
005830,KOSPI,DB손해보험,보험업
000990,KOSPI,DB하이텍,반도체
139130,KOSPI,DGB금융지주,금융
001530,KOSPI,DI동일,중개업
068790,KOSDAQ,DMS,기계제조
004840,KOSPI,DRB동일,금융
155660,KOSPI,DSR,철강
069730,KOSPI,DSR제강,철강
017940,KOSPI,E1,도매업
037370,KOSDAQ,EG,도매업
079190,KOSDAQ,EMW,통신방송
365550,KOSPI,ESR켄달스퀘어리츠,부동산
007700,KOSPI,F&F,의류
130500,KOSDAQ,GH신소재,의류
114090,KOSPI,GKL,유흥
078930,KOSPI,GS,금융
083450,KOSDAQ,GST,기계제조
006360,KOSPI,GS건설,건설주
001250,KOSPI,GS글로벌,도매업
007070,KOSPI,GS리테일,소매업
028150,KOSDAQ,GS홈쇼핑,방송업
045890,KOSDAQ,GV,조명장치
078150,KOSDAQ,HB테크놀러지,기계제조
012630,KOSPI,HDC,금융
039570,KOSPI,HDC아이콘트롤스,전기통신업
089470,KOSPI,HDC현대EP,화학
294870,KOSPI,HDC현대산업개발,건설주
011200,KOSPI,HMM,해상운송
082740,KOSPI,HSD엔진,기계
003560,KOSPI,IHQ,영상배급
095340,KOSDAQ,ISC,전자
099520,KOSDAQ,ITX-AI,영상음향
175330,KOSPI,JB금융지주,금융
950170,KOSDAQ,JTC,소매업
096760,KOSPI,JW홀딩스,금융
035900,KOSDAQ,JYP Ent.,엔터테인먼트
024840,KOSDAQ,KBI메탈,철강
105560,KOSPI,KB금융,금융
024120,KOSDAQ,KB오토시스,자동차
002380,KOSPI,KCC,화학
021320,KOSDAQ,KCC건설,건설주
009070,KOSPI,KCTC,화물운송
009440,KOSPI,KC그린홀딩스,금융
119650,KOSPI,KC코트렐,기계
044180,KOSDAQ,KD,건설주
092220,KOSPI,KEC,반도체
151860,KOSDAQ,KG ETS,폐기물 처리업
016380,KOSPI,KG동부제철,철강
046440,KOSDAQ,KG모빌리언스,IT
035600,KOSDAQ,KG이니시스,IT
001390,KOSPI,KG케미칼,화학
060720,KOSDAQ,KH바텍,전자
001940,KOSPI,KISCO홀딩스,철강
122450,KOSDAQ,KMH,방송업
058400,KOSDAQ,KNN,방송업
025000,KOSPI,KPX케미칼,화학
092230,KOSPI,KPX홀딩스,화학
000040,KOSPI,KR모터스,운송
044450,KOSPI,KSS해운,해상운송
030200,KOSPI,KT,전기통신
033780,KOSPI,KT&G,담배
030210,KOSPI,KTB투자증권,금융
036030,KOSDAQ,KTH,중개업
058850,KOSPI,KTcs,IT
058860,KOSPI,KTis,IT
060370,KOSDAQ,KT서브마린,전기통신업
093050,KOSPI,LF,의류
003550,KOSPI,LG,금융
034220,KOSPI,LG디스플레이,전자
001120,KOSPI,LG상사,중개업
051900,KOSPI,LG생활건강,화학
032640,KOSPI,LG유플러스,전기통신
011070,KOSPI,LG이노텍,전자
066570,KOSPI,LG전자,통신방송
108670,KOSPI,LG하우시스,화학
037560,KOSPI,LG헬로비전,방송업
051910,KOSPI,LG화학,화학
079550,KOSPI,LIG넥스원,군사
006260,KOSPI,LS,금융
010120,KOSPI,LS ELECTRIC      전동,기계
000680,KOSPI,LS네트웍스,도매업
229640,KOSPI,LS전선아시아,금융
023150,KOSPI,MH에탄올,주류
065150,KOSDAQ,MP그룹,음식도매
219550,KOSDAQ,MP한강,생활용품 도매업
035420,KOSPI,NAVER       자,"료처리, 호스팅, 포털 및 기타 인터넷 정보매개 서비스업"
160550,KOSDAQ,NEW,영상배급
053290,KOSDAQ,NE능률,"서적, 잡지 및 기타 인쇄물 출판업"
181710,KOSPI,NHN,IT
104200,KOSDAQ,NHN벅스,IT
060250,KOSDAQ,NHN한국사이버결제,IT
005940,KOSPI,NH투자증권,금융
338100,KOSPI,NH프라임리츠,부동산
034310,KOSPI,NICE,회사 본부 및 경영 컨설팅 서비스업
030190,KOSDAQ,NICE평가정보,IT
008260,KOSPI,NI스틸,철강
004250,KOSPI,NPC,화학
010060,KOSPI,OCI,화학
078590,KOSDAQ,OQP,자동차
178920,KOSDAQ,PI첨단소재,화학
024940,KOSDAQ,PN풍년,기타 철강 가공제품 제조업
005490,KOSPI,POSCO,철강
218410,KOSDAQ,RFHIC,통신방송
091340,KOSDAQ,S&K폴리텍,전자
100840,KOSPI,S&TC,기계
064960,KOSPI,S&T모티브,자동차
003570,KOSPI,S&T중공업,자동차
036530,KOSPI,S&T홀딩스,금융
010950,KOSPI,S-Oil,석유 정제품 제조업
950110,KOSDAQ,SBI핀테크솔루션즈,IT
034120,KOSPI,SBS,방송업
101060,KOSPI,SBS미디어홀딩스,방송업
046140,KOSDAQ,SBS콘텐츠허브,영상배급
036120,KOSDAQ,SCI평가정보,IT
099220,KOSDAQ,SDN,기계장비 및 관련 물품 도매업
036540,KOSDAQ,SFA반도체,반도체
255220,KOSDAQ,SG,기타 비철강 광물제품 제조업
040610,KOSDAQ,SG&G,자동차
049470,KOSDAQ,SGA,IT
184230,KOSDAQ,SGA솔루션즈,IT
005090,KOSPI,SGC에너지,전기업
016250,KOSDAQ,SGC이테크건설,건설주
004060,KOSPI,SG세계물산,도매업
001380,KOSPI,SG충방,자동차
002360,KOSPI,SH에너지화학,화학
009160,KOSPI,SIMPAC,기계제조
123700,KOSPI,SJM,자동차
025530,KOSPI,SJM홀딩스,자동차 부품 및 내장품 판매업
034730,KOSPI,SK,금융
011790,KOSPI,SKC,화학
018670,KOSPI,SK가스,도매업
001740,KOSPI,SK네트웍스,도매업
006120,KOSPI,SK디스커버리,금융
210980,KOSPI,SK디앤디,부동산
068400,KOSPI,SK렌터카,운송장비 임대업
036490,KOSDAQ,SK머티리얼즈,화학
096770,KOSPI,SK이노베이션,석유 정제품 제조업
001510,KOSPI,SK증권,금융
285130,KOSPI,SK케미칼,화학
017670,KOSPI,SK텔레콤,전기통신
000660,KOSPI,SK하이닉스,반도체
048550,KOSDAQ,SM C&C,광고업
063440,KOSDAQ,SM Life Design,기록매체 복제업
950180,KOSDAQ,SNK,IT
005610,KOSPI,SPC삼립,식품제조
011810,KOSPI,STX,도매업
077970,KOSPI,STX엔진,기계
071970,KOSPI,STX중공업,기계
084870,KOSPI,TBH글로벌,의류
002710,KOSPI,TCC스틸,철강
089230,KOSDAQ,THE E&M,IT
161570,KOSDAQ,THE MIDONG,영상음향
032540,KOSDAQ,TJ미디어,영상음향
048770,KOSDAQ,TPC,기계
317240,KOSDAQ,TS트릴리온,화학
038340,KOSDAQ,UCI,일반 교습 학원
073570,KOSDAQ,WI,기계제조
024070,KOSPI,WISCOM,화학
052300,KOSDAQ,W홀딩컴퍼니,기타 운송관련 서비스업
057030,KOSDAQ,YBM넷,교육지원 서비스업
037270,KOSPI,YG PLUS,IT
040300,KOSDAQ,YTN,영상배급
051390,KOSDAQ,YW,도매업
052220,KOSDAQ,iMBC,IT
079940,KOSDAQ,가비아,IT
078890,KOSDAQ,가온미디어,통신방송
000500,KOSPI,가온전선,절연선 및 케이블 제조업
192410,KOSDAQ,감마누,통신방송
000860,KOSPI,강남제비스코,화학
114190,KOSDAQ,강원,"구조용 철강제품, 탱크 및 증기발생기 제조업"
035250,KOSPI,강원랜드,유흥
094480,KOSDAQ,갤럭시아머니트리,IT
011420,KOSPI,갤럭시아에스엠,스포츠 서비스업
063080,KOSDAQ,게임빌,IT
044480,KOSDAQ,경남바이오파마,고무제품 제조업
039240,KOSDAQ,경남스틸,철강
223310,KOSDAQ,경남제약헬스케어,IT
002100,KOSPI,경농,"비료, 농약 및 살균, 살충제 제조업"
009450,KOSPI,경동나비엔,가정용 기기 제조업
267290,KOSPI,경동도시가스,연료용 가스 제조 및 배관공급업
012320,KOSPI,경동인베스트,금융
000050,KOSPI,경방,소매업
012610,KOSPI,경인양행,화학
009140,KOSPI,경인전자,전자
024910,KOSDAQ,경창산업,자동차
013580,KOSPI,계룡건설,토목 건설업
012200,KOSPI,계양전기,기계
002140,KOSPI,고려산업,"곡물가공품, 전분 및 전분제품 제조업"
198440,KOSDAQ,고려시멘트,"시멘트, 석회, 플라스터 및 그 제품 제조업"
049720,KOSDAQ,고려신용정보,기타 사업지원 서비스업
010130,KOSPI,고려아연,철강
002240,KOSPI,고려제강,철강
098460,KOSDAQ,고영,기계제조
038530,KOSDAQ,골드퍼시픽,생활용품 도매업
215000,KOSDAQ,골프존,IT
121440,KOSDAQ,골프존뉴딘홀딩스,중개업
014200,KOSDAQ,광림,자동차용 엔진 및 자동차 제조업
017040,KOSPI,광명전기,전동기계
017900,KOSPI,광전자,반도체
037710,KOSPI,광주신세계,소매업
026910,KOSDAQ,광진실업,철강
090150,KOSDAQ,광진윈텍,자동차
030610,KOSPI,교보증권,금융
339770,KOSPI,교촌에프앤비,음식도매
053270,KOSDAQ,구영테크,자동차
007690,KOSPI,국도화학,화학
005320,KOSPI,국동,생활용품 도매업
001140,KOSPI,국보,화물운송
066620,KOSDAQ,국보디자인,실내건축 및 건축마무리 공사업
043650,KOSDAQ,국순당,주류
006050,KOSDAQ,국영지앤엠,유리 및 유리제품 제조업
060480,KOSDAQ,국일신동,철강
078130,KOSDAQ,국일제지,기타 종이 및 판지 제품 제조업
204020,KOSDAQ,그리티,의류
083420,KOSPI,그린케미칼,화학
186230,KOSDAQ,그린플러스,철강
014530,KOSPI,극동유화,석유 정제품 제조업
019660,KOSDAQ,글로본,도매업
032860,KOSDAQ,글로스퍼랩스,"해체, 선별 및 원료 재생업"
014280,KOSPI,금강공업,철강
053260,KOSDAQ,금강철강,철강
008870,KOSPI,금비,유리 및 유리제품 제조업
001570,KOSPI,금양,화학
002990,KOSPI,금호산업,건설주
011780,KOSPI,금호석유,화학
214330,KOSPI,금호에이치티,자동차
001210,KOSPI,금호전기,조명장치
073240,KOSPI,금호타이어,고무제품 제조업
036190,KOSDAQ,금화피에스시,전기통신업
049080,KOSDAQ,기가레인,기계제조
035460,KOSDAQ,기산텔레콤,통신방송
092440,KOSPI,기신정기,기계제조
000270,KOSPI,기아차,자동차용 엔진 및 자동차 제조업
024110,KOSPI,기업은행,은행 및 저축기관
013700,KOSPI,까뮤이앤씨,건설주
308100,KOSDAQ,까스텔바작,"섬유, 의복, 신발 및 가죽제품 소매업"
004540,KOSPI,깨끗한나라,"펄프, 종이 및 판지 제조업"
151910,KOSDAQ,나노스,전자
121600,KOSDAQ,나노신소재,화학
091970,KOSDAQ,나노캠텍,화학
051490,KOSDAQ,나라엠앤디,기계제조
190510,KOSDAQ,나무가,전자
242040,KOSDAQ,나무기술,IT
089600,KOSDAQ,나스미디어,광고업
130580,KOSDAQ,나이스디앤비,기타 사업지원 서비스업
036800,KOSDAQ,나이스정보통신,전기통신
267320,KOSDAQ,나인테크,기계제조
001260,KOSPI,남광토건,토목 건설업
008350,KOSPI,남선알미늄,철강
004270,KOSPI,남성,도매업
003920,KOSPI,남양유업,낙농제품 및 식용빙과류 제조업
025860,KOSPI,남해화학,"비료, 농약 및 살균, 살충제 제조업"
111710,KOSDAQ,남화산업,스포츠 서비스업
091590,KOSDAQ,남화토건,건설주
056000,KOSDAQ,네스엠,IT
253590,KOSDAQ,네오셈,기계제조
212560,KOSDAQ,네오오토,자동차
095660,KOSDAQ,네오위즈,IT
042420,KOSDAQ,네오위즈홀딩스,IT
311390,KOSDAQ,네오크레마,식품제조
085910,KOSDAQ,네오티스,자동차
306620,KOSDAQ,네온테크,기계제조
153460,KOSDAQ,네이블,IT
033640,KOSDAQ,네패스,반도체
330860,KOSDAQ,네패스아크,"그외 기타 전문, 과학 및 기술 서비스업"
005720,KOSPI,넥센,고무제품 제조업
002350,KOSPI,넥센타이어,고무제품 제조업
089140,KOSDAQ,넥스턴,유리 및 유리제품 제조업
065170,KOSDAQ,넥스트BT,음식도매
003580,KOSPI,넥스트사이언스,기타 비철강광물 광업
137940,KOSDAQ,넥스트아이  측,"정, 시험, 항해, 제어 및 기타 정밀기기 제조업; 광학기기 제외"
348210,KOSDAQ,넥스틴,기계제조
041140,KOSDAQ,넥슨지티,IT
217270,KOSDAQ,넵튠,IT
225570,KOSDAQ,넷게임즈,IT
251270,KOSPI,넷마블,IT
104620,KOSDAQ,노랑풍선,여행사 및 기타 여행보조 서비스업
090350,KOSPI,노루페인트,화학
000320,KOSPI,노루홀딩스,금융
194700,KOSDAQ,노바렉스,식품제조
285490,KOSDAQ,노바텍,그외 기타 제품 제조업
144510,KOSDAQ,녹십자랩셀,"그외 기타 전문, 과학 및 기술 서비스업"
005250,KOSPI,녹십자홀딩스,회사 본부 및 경영 컨설팅 서비스업
065560,KOSDAQ,녹원씨엔아이,인쇄 및 인쇄관련 산업
004370,KOSPI,농심,식품제조
072710,KOSPI,농심홀딩스,금융
054050,KOSDAQ,농우바이오,작물 재배업
040160,KOSDAQ,누리텔레콤,IT
069140,KOSDAQ,누리플랜,"구조용 철강제품, 탱크 및 증기발생기 제조업"
126870,KOSDAQ,뉴로스,기계
012340,KOSDAQ,뉴인텍,전자
214870,KOSDAQ,뉴지랩,통신방송
270870,KOSDAQ,뉴트리,식품제조
144960,KOSDAQ,뉴파워프라즈마,기계제조
900100,KOSDAQ,뉴프라이드,자동차 부품 및 내장품 판매업
085670,KOSDAQ,뉴프렉스,전자
119860,KOSDAQ,다나와,IT
064260,KOSDAQ,다날,IT
093640,KOSDAQ,다믈멀티미디어,반도체
039560,KOSDAQ,다산네트웍스,통신방송
058730,KOSPI,다스코,"구조용 철강제품, 탱크 및 증기발생기 제조업"
023590,KOSPI,다우기술,IT
032190,KOSDAQ,다우데이타,기계장비 및 관련 물품 도매업
068240,KOSDAQ,다원시스,전동기계
019680,KOSPI,대교,초등 교육기관
006370,KOSPI,대구백화점,소매업
008060,KOSPI,대덕,금융
353200,KOSPI,대덕전자,전자
000490,KOSPI,대동공업,기계제조
020400,KOSDAQ,대동철강,철강 주조업
008830,KOSDAQ,대동기어,기계제조
048470,KOSDAQ,대동스틸,철강
008110,KOSPI,대동전자,통신방송
004780,KOSDAQ,대륙제관,기타 철강 가공제품 제조업
005750,KOSPI,대림B&Co,"내화, 비내화 요업제품 제조업"
001880,KOSPI,대림건설,건설주
000210,KOSPI,대림산업,토목 건설업
017650,KOSDAQ,대림제지,기타 종이 및 판지 제품 제조업
006570,KOSPI,대림통상,기타 철강 가공제품 제조업
007720,KOSDAQ,대명소노시즌,도매업
317850,KOSDAQ,대모,기계제조
290670,KOSDAQ,대보마그네틱,기타 전기장비 제조업
001680,KOSPI,대상,식품제조
084690,KOSPI,대상홀딩스,금융
128820,KOSPI,대성산업,연료 소매업
117580,KOSPI,대성에너지,연료용 가스 제조 및 배관공급업
025440,KOSDAQ,대성엘텍,영상음향
104040,KOSDAQ,대성파인텍,자동차
016710,KOSPI,대성홀딩스,회사 본부 및 경영 컨설팅 서비스업
020180,KOSDAQ,대신정보통신,IT
003540,KOSPI,대신증권,금융
045390,KOSDAQ,대아티아이,기타 전기장비 제조업
009190,KOSPI,대양철강,철강
108380,KOSDAQ,대양전기공업,선박 및 보트 건조업
006580,KOSDAQ,대양제지,"펄프, 종이 및 판지 제조업"
014160,KOSPI,대영포장,"골판지, 종이 상자 및 종이용기 제조업"
047040,KOSPI,대우건설,건설주
009320,KOSPI,대우부품,자동차
042660,KOSPI,대우조선해양,선박 및 보트 건조업
003090,KOSPI,대웅,금융
007680,KOSDAQ,대원,건설주
000430,KOSPI,대원강업,자동차
048910,KOSDAQ,대원미디어,도매업
005710,KOSDAQ,대원산업,자동차
006340,KOSPI,대원전선,절연선 및 케이블 제조업
024890,KOSPI,대원화성,화학
290380,KOSDAQ,대유,"비료, 농약 및 살균, 살충제 제조업"
002880,KOSPI,대유에이텍,자동차
290120,KOSDAQ,대유에이피,자동차
000300,KOSPI,대유플러스,통신방송
120240,KOSDAQ,대정화금,화학
003310,KOSDAQ,대주산업,동물용 사료 및 조제식품 제조업
078600,KOSDAQ,대주전자재료,전자
012800,KOSPI,대창,철강
015230,KOSPI,대창단조,자동차
096350,KOSDAQ,대창솔루션,"구조용 철강제품, 탱크 및 증기발생기 제조업"
140520,KOSDAQ,대창스틸,철강
131220,KOSDAQ,대한과학,기계장비 및 관련 물품 도매업
010170,KOSDAQ,대한광통신,절연선 및 케이블 제조업
060900,KOSDAQ,대한그린파워,화학
001070,KOSPI,대한방직,직물직조 및 직물제품 제조업
006650,KOSPI,대한유화,화학
001440,KOSPI,대한전선,절연선 및 케이블 제조업
084010,KOSPI,대한제강,철강
001790,KOSPI,대한제당,"곡물가공품, 전분 및 전분제품 제조업"
001130,KOSPI,대한제분,"곡물가공품, 전분 및 전분제품 제조업"
003490,KOSPI,대한항공,항공 여객 운송업
005880,KOSPI,대한해운,해상운송
003830,KOSPI,대한화섬,화학섬유 제조업
016090,KOSPI,대현,의류
069460,KOSPI,대호에이엘,철강
021040,KOSDAQ,대호피앤씨,철강
298540,KOSDAQ,더네이쳐홀딩스,"섬유, 의복, 신발 및 가죽제품 소매업"
192080,KOSPI,더블유게임즈,IT
299170,KOSDAQ,더블유에스아이,생활용품 도매업
035290,KOSDAQ,더블유에프엠,"서적, 잡지 및 기타 인쇄물 출판업"
012510,KOSPI,더존비즈온,IT
213420,KOSDAQ,덕산네오룩스,전자
317330,KOSDAQ,덕산테코피아,화학
077360,KOSDAQ,덕산하이메탈,반도체
004830,KOSPI,덕성,화학
090410,KOSDAQ,덕신하우징,"구조용 철강제품, 탱크 및 증기발생기 제조업"
024900,KOSPI,덕양산업,자동차
263600,KOSDAQ,덕우전자,전자
194480,KOSDAQ,데브시스터즈,IT
263800,KOSDAQ,데이타솔루션,기계장비 및 관련 물품 도매업
139050,KOSDAQ,데일리블록체인,IT
206560,KOSDAQ,덱스터,영상배급
067990,KOSDAQ,도이치모터스,자동차 판매업
002150,KOSPI,도화엔지니어링,"건축기술, 엔지니어링 및 관련 기술 서비스업"
100130,KOSDAQ,동국S&C,"구조용 철강제품, 탱크 및 증기발생기 제조업"
005160,KOSDAQ,동국산업,철강
075970,KOSDAQ,동국알앤에스,기타 비철강 광물제품 제조업
001230,KOSPI,동국제강,철강
023450,KOSPI,동남합성,화학
004140,KOSPI,동방,기타 운송관련 서비스업
099410,KOSDAQ,동방선기,선박 및 보트 건조업
007590,KOSPI,동방아그로,"비료, 농약 및 살균, 살충제 제조업"
005960,KOSPI,동부건설,토목 건설업
026960,KOSPI,동서,음식도매
102260,KOSPI,동성코퍼레이션,회사 본부 및 경영 컨설팅 서비스업
033500,KOSDAQ,동성화인텍,화학
005190,KOSPI,동성화학,화학
025950,KOSDAQ,동신건설,토목 건설업
000640,KOSPI,동아쏘시오홀딩스,금융
088130,KOSDAQ,동아엘텍,기계제조
028100,KOSPI,동아지질,기반조성 및 시설물 축조관련 전문공사업
282690,KOSPI,동아타이어,고무제품 제조업
041930,KOSDAQ,동아화성,고무제품 제조업
001520,KOSPI,동양,"시멘트, 석회, 플라스터 및 그 제품 제조업"
084670,KOSPI,동양고속,육상 여객 운송업
002900,KOSPI,동양물산,기계제조
082640,KOSPI,동양생명,보험업
060380,KOSDAQ,동양에스텍,철강
079960,KOSDAQ,동양이엔피,전동기계
008970,KOSPI,동양철관,철강
228340,KOSDAQ,동양파일,"시멘트, 석회, 플라스터 및 그 제품 제조업"
092780,KOSPI,동양피스톤,자동차용 엔진 및 자동차 제조업
088910,KOSDAQ,동우팜투테이블,"도축, 육류 가공 및 저장 처리업"
094170,KOSDAQ,동운아나텍,반도체
049770,KOSPI,동원F&B,식품제조
013120,KOSDAQ,동원개발,건설주
018500,KOSPI,동원철강,자동차
006040,KOSPI,동원산업,어로 어업
030720,KOSPI,동원수산,어로 어업
014820,KOSPI,동원시스템즈,화학
163560,KOSPI,동일고무벨트,고무제품 제조업
109860,KOSDAQ,동일철강,철강 주조업
032960,KOSDAQ,동일기연,전자
004890,KOSPI,동일산업,철강
002690,KOSPI,동일제강,철강
023790,KOSDAQ,동일철강,철강
005290,KOSDAQ,동진쎄미켐,화학
025900,KOSDAQ,동화기업,나무제품 제조업
000150,KOSPI,두산,회사 본부 및 경영 컨설팅 서비스업
241560,KOSPI,두산밥캣,기계제조
042670,KOSPI,두산인프라코어,기계제조
034020,KOSPI,두산중공업,기계
336260,KOSPI,두산퓨얼셀,전동기계
016740,KOSPI,두올,자동차
073190,KOSDAQ,듀오백,가구 제조업
030350,KOSDAQ,드래곤플라이,IT
203650,KOSDAQ,드림시큐리티,IT
060570,KOSDAQ,드림어스컴퍼니,도매업
192650,KOSPI,드림텍,전자
217620,KOSDAQ,디딤,음식점업
187870,KOSDAQ,디바이스이엔지,기계제조
066670,KOSDAQ,디스플레이텍,전자
024090,KOSPI,디씨엠,철강
003160,KOSPI,디아이  측정,", 시험, 항해, 제어 및 기타 정밀기기 제조업; 광학기기 제외"
092200,KOSPI,디아이씨,자동차
110990,KOSDAQ,디아이티,기계제조
263720,KOSDAQ,디앤씨미디어,"서적, 잡지 및 기타 인쇄물 출판업"
109740,KOSDAQ,디에스케이,기계제조
033430,KOSDAQ,디에스티,기계제조
196490,KOSDAQ,디에이테크놀로지,기계제조
066900,KOSDAQ,디에이피,전자
092070,KOSDAQ,디엔에프,화학
134580,KOSDAQ,디엠티,통신방송
196450,KOSDAQ,디오스텍,사진장비 및 광학기기 제조업
013570,KOSPI,디와이,금융
210540,KOSPI,디와이파워,기계제조
104460,KOSDAQ,디와이피엔에프,기계
079810,KOSDAQ,디이엔티,기계제조
227100,KOSDAQ,디자인,전동기계
113810,KOSDAQ,디젠스,자동차
043360,KOSDAQ,디지아이,컴퓨터 및 주변장치 제조업
197140,KOSDAQ,디지캡,IT
106520,KOSDAQ,디지탈옵틱,사진장비 및 광학기기 제조업
068930,KOSDAQ,디지털대성,일반 교습 학원
033130,KOSDAQ,디지틀조선,IT
105740,KOSDAQ,디케이락,기계
290550,KOSDAQ,디케이티,전자
007340,KOSPI,디티알오토모티브,일차전지 및 축전지 제조업
187220,KOSDAQ,디티앤씨,기타 과학기술 서비스업
026890,KOSPI,디피씨,전동기계
131180,KOSDAQ,딜리,컴퓨터 및 주변장치 제조업
317120,KOSDAQ,라닉스,반도체
042510,KOSDAQ,라온시큐어,IT
300120,KOSDAQ,라온피플,IT
036170,KOSDAQ,라이브파이낸셜,반도체
050120,KOSDAQ,라이브플렉스,생활용품 도매업
171120,KOSDAQ,라이온켐텍,화학
069540,KOSDAQ,라이트론,통신방송
214260,KOSDAQ,라파스,화학
115390,KOSPI,락앤락,화학
217500,KOSDAQ,러셀,기계제조
033600,KOSDAQ,럭슬,자동차
060300,KOSDAQ,레드로버,영상배급
038390,KOSDAQ,레드캡투어,여행사 및 기타 여행보조 서비스업
294140,KOSDAQ,레몬,화학섬유 제조업
281740,KOSDAQ,레이크머티리얼즈,화학
215100,KOSDAQ,로보로보,기타 전기장비 제조업
090360,KOSDAQ,로보스타,기계제조
108490,KOSDAQ,로보티즈,기계제조
067730,KOSDAQ,로지시스,IT
071280,KOSDAQ,로체시스템즈,기계제조
032350,KOSPI,롯데관광개발,여행사 및 기타 여행보조 서비스업
330590,KOSPI,롯데리츠,부동산
000400,KOSPI,롯데손해보험,보험업
023530,KOSPI,롯데쇼핑,소매업
004000,KOSPI,롯데정밀화학,화학
286940,KOSPI,롯데정보통신,IT
280360,KOSPI,롯데제과,식품제조
004990,KOSPI,롯데지주,금융
005300,KOSPI,롯데칠성,비알코올음료 및 얼음 제조업
011170,KOSPI,롯데케미칼,화학
002270,KOSPI,롯데푸드,낙농제품 및 식용빙과류 제조업
071840,KOSPI,롯데하이마트,가전제품 및 정보통신장비 소매업
038060,KOSDAQ,루멘스,반도체
060240,KOSDAQ,룽투코리아,IT
058470,KOSDAQ,리노공업,전자
039980,KOSDAQ,리노스,"섬유, 의복, 신발 및 가죽제품 소매업"
012700,KOSDAQ,리드코프,도매업
029480,KOSDAQ,릭스솔루션,통신방송
042500,KOSDAQ,링네트,IT
219420,KOSDAQ,링크제니시스,IT
027740,KOSPI,마니커,"도축, 육류 가공 및 저장 처리업"
195500,KOSDAQ,마니커에프앤지,"도축, 육류 가공 및 저장 처리업"
222810,KOSDAQ,마이더스AI,IT
098120,KOSDAQ,마이크로컨텍솔,전자
147760,KOSDAQ,마이크로프랜드,"측정, 시험, 항해, 제어 및 기타 정밀기기 제조업; 광학기기 제외"
204320,KOSPI,만도,자동차
001080,KOSPI,만호제강,철강
267980,KOSDAQ,매일유업,낙농제품 및 식용빙과류 제조업
005990,KOSDAQ,매일홀딩스,낙농제품 및 식용빙과류 제조업
127160,KOSDAQ,매직마이크로,전자
093520,KOSDAQ,매커스,기계장비 및 관련 물품 도매업
141070,KOSDAQ,맥스로텍,기계제조
088980,KOSPI,맥쿼리인프라,신탁투자업
094800,KOSPI,맵스리얼티1,신탁투자업
100590,KOSDAQ,머큐리,통신방송
067280,KOSDAQ,멀티캠퍼스,기타 교육기관
072870,KOSDAQ,메가스터디,"서적, 잡지 및 기타 인쇄물 출판업"
215200,KOSDAQ,메가스터디교육,일반 교습 학원
133750,KOSDAQ,메가엠디,일반 교습 학원
054180,KOSDAQ,메디콕스,선박 및 보트 건조업
065650,KOSDAQ,메디프론,기계장비 및 관련 물품 도매업
138040,KOSPI,메리츠금융지주,금융
008560,KOSPI,메리츠증권,금융
000060,KOSPI,메리츠화재,보험업
241770,KOSDAQ,메카로,화학
090370,KOSPI,메타랩스,의류
327260,KOSDAQ,메탈라이프,전자
096640,KOSDAQ,멜파스,전자
257370,KOSDAQ,명성티엔에스,기계제조
009900,KOSPI,명신산업,자동차
012690,KOSPI,모나리자,기타 종이 및 판지 제품 제조업
005360,KOSPI,모나미,생활용품 도매업
080420,KOSDAQ,모다이노칩,"섬유, 의복, 신발 및 가죽제품 소매업"
080160,KOSDAQ,모두투어,여행사 및 기타 여행보조 서비스업
204210,KOSPI,모두투어리츠,부동산
100030,KOSDAQ,모바일리더,IT
087260,KOSDAQ,모바일어플라이언스,IT
101330,KOSDAQ,모베이스,통신방송
012860,KOSDAQ,모베이스전자,자동차
250060,KOSDAQ,모비스,IT
033200,KOSDAQ,모아텍,전자
009680,KOSPI,모토닉,자동차
118990,KOSDAQ,모트렉스,자동차
006920,KOSDAQ,모헨즈,"시멘트, 석회, 플라스터 및 그 제품 제조업"
009580,KOSPI,무림P&P,"펄프, 종이 및 판지 제조업"
001810,KOSDAQ,무림SP,"펄프, 종이 및 판지 제조업"
009200,KOSPI,무림페이퍼,"펄프, 종이 및 판지 제조업"
033920,KOSPI,무학,주류
008420,KOSPI,문배철강,철강
279600,KOSDAQ,미디어젠,IT
028040,KOSDAQ,미래SCI,중개업
095500,KOSDAQ,미래나노텍,화학
025560,KOSPI,미래산업  측정,", 시험, 항해, 제어 및 기타 정밀기기 제조업; 광학기기 제외"
218150,KOSDAQ,미래생명자원,동물용 사료 및 조제식품 제조업
007120,KOSPI,미래아이앤지,IT
006800,KOSPI,미래에셋대우,금융
357250,KOSPI,미래에셋맵스리츠,부동산
085620,KOSPI,미래에셋생명,보험업
049950,KOSDAQ,미래컴퍼니,기계제조
213090,KOSDAQ,미래테크놀로지,IT
207760,KOSDAQ,미스터블루,IT
002840,KOSPI,미원상사,화학
268280,KOSPI,미원에스씨,화학
107590,KOSPI,미원홀딩스,금융
134380,KOSPI,미원화학,화학
003650,KOSPI,미창석유,석유 정제품 제조업
059090,KOSDAQ,미코,반도체
201490,KOSDAQ,미투온,IT
950190,KOSDAQ,미투젠,IT
214180,KOSDAQ,민앤지,IT
155900,KOSPI,바다로19호,운송장비 임대업
018700,KOSDAQ,바른손,영상배급
035620,KOSDAQ,바른손이앤에이,영상배급
064520,KOSDAQ,바른전자,반도체
301300,KOSDAQ,바이브컴퍼니,IT
208710,KOSDAQ,바이오로그디바이스,전자
038460,KOSDAQ,바이오스마트,전자
032980,KOSDAQ,바이온,음식도매
003610,KOSPI,방림,직물직조 및 직물제품 제조업
267790,KOSDAQ,배럴,의류
001340,KOSPI,백광산업,화학
046310,KOSDAQ,백금T&A,통신방송
035150,KOSPI,백산,화학
036620,KOSDAQ,버추얼텍,도매업
066410,KOSDAQ,버킷스튜디오,영상배급
002410,KOSPI,범양건영,건설주
206400,KOSDAQ,베노홀딩스,IT
019010,KOSDAQ,베뉴지,소매업
177350,KOSDAQ,베셀,기계제조
299910,KOSDAQ,베스파,IT
096300,KOSPI,베트남개발1,신탁투자업
007210,KOSPI,벽산,기타 비철강 광물제품 제조업
225530,KOSDAQ,보광산업,기타 비철강 광물제품 제조업
250000,KOSDAQ,보라티알,음식도매
002760,KOSPI,보락,화학
006910,KOSDAQ,보성파워텍,"구조용 철강제품, 탱크 및 증기발생기 제조업"
000890,KOSPI,보해양조,주류
226340,KOSDAQ,본느,화학
001270,KOSPI,부국증권,금융
026940,KOSPI,부국철강,철강
015350,KOSPI,부산가스,연료용 가스 제조 및 배관공급업
011390,KOSPI,부산산업,"시멘트, 석회, 플라스터 및 그 제품 제조업"
005030,KOSPI,부산주공,자동차
008470,KOSDAQ,부스타,"구조용 철강제품, 탱크 및 증기발생기 제조업"
337930,KOSDAQ,브랜드엑스코퍼레이션,IT
066980,KOSDAQ,브레인콘텐츠,IT
064480,KOSDAQ,브리지텍,IT
251630,KOSDAQ,브이원텍,기계제조
018290,KOSDAQ,브이티지엠피,컴퓨터 및 주변장치 제조업
263920,KOSDAQ,블러썸엠앤씨,그외 기타 제품 제조업
033560,KOSDAQ,블루콤,영상음향
126340,KOSDAQ,비나텍,일차전지 및 축전지 제조업
121800,KOSDAQ,비덴트,통신방송
148140,KOSDAQ,비디아이,기계
082800,KOSDAQ,비보존 헬스케어,반도체
318410,KOSDAQ,비비씨,그외 기타 제품 제조업
002070,KOSPI,비비안,의류
100220,KOSPI,비상교육,"서적, 잡지 및 기타 인쇄물 출판업"
141000,KOSDAQ,비아트론,기계제조
090460,KOSDAQ,비에이치,전자
083650,KOSDAQ,비에이치아이,기계
086670,KOSDAQ,비엠티,기계
138580,KOSDAQ,비즈니스온,IT
082920,KOSDAQ,비츠로셀,일차전지 및 축전지 제조업
054220,KOSDAQ,비츠로시스,전동기계
030790,KOSPI,비케이탑스,IT
032850,KOSDAQ,비트컴퓨터,IT
238200,KOSDAQ,비피도,식품제조
093190,KOSDAQ,빅솔론,컴퓨터 및 주변장치 제조업
065450,KOSDAQ,"빅텍  측정,","시험, 항해, 제어 및 기타 정밀기기 제조업; 광학기기 제외"
352820,KOSPI,빅히트,엔터테인먼트
005180,KOSPI,빙그레,낙농제품 및 식용빙과류 제조업
072950,KOSDAQ,빛샘전자,전자
143240,KOSDAQ,사람인에이치알,IT
003960,KOSPI,사조대림,수산물 가공 및 저장 처리업
008040,KOSPI,사조동아원,"곡물가공품, 전분 및 전분제품 제조업"
007160,KOSPI,사조산업,어로 어업
014710,KOSPI,사조씨푸드,수산물 가공 및 저장 처리업
006090,KOSPI,사조오양,수산물 가공 및 저장 처리업
100090,KOSDAQ,삼강엠앤티,철강
122350,KOSDAQ,삼기,자동차
014970,KOSDAQ,삼륭물산,"골판지, 종이 상자 및 종이용기 제조업"
018310,KOSDAQ,삼목에스폼,"구조용 철강제품, 탱크 및 증기발생기 제조업"
053700,KOSDAQ,삼보모터스,자동차
009620,KOSDAQ,삼보산업,철강
023600,KOSDAQ,삼보판지,"펄프, 종이 및 판지 제조업"
111870,KOSDAQ,삼본전자,영상음향
001470,KOSPI,삼부토건,토목 건설업
006400,KOSPI,삼성SDI,일차전지 및 축전지 제조업
006660,KOSPI,삼성공조,자동차
028260,KOSPI,삼성물산,도매업
032830,KOSPI,삼성생명,보험업
018260,KOSPI,삼성에스디에스,IT
028050,KOSPI,삼성엔지니어링,"건축기술, 엔지니어링 및 관련 기술 서비스업"
009150,KOSPI,삼성전기,전자
005930,KOSPI,삼성전자,통신방송
010140,KOSPI,삼성중공업,선박 및 보트 건조업
016360,KOSPI,삼성증권,금융
068290,KOSPI,삼성출판사,"서적, 잡지 및 기타 인쇄물 출판업"
029780,KOSPI,삼성카드,금융
000810,KOSPI,삼성화재,보험업
006110,KOSPI,삼아알미늄,철강
145990,KOSPI,삼양사,식품제조
003230,KOSPI,삼양식품,식품제조
225190,KOSDAQ,삼양옵틱스,사진장비 및 광학기기 제조업
002170,KOSPI,삼양통상,"가죽, 가방 및 유사제품 제조업"
272550,KOSPI,삼양패키징,화학
000070,KOSPI,삼양홀딩스,금융
002810,KOSPI,삼영무역,도매업
054540,KOSDAQ,삼영엠텍,"구조용 철강제품, 탱크 및 증기발생기 제조업"
065570,KOSDAQ,삼영이엔씨,통신방송
005680,KOSPI,삼영전자,전자
003720,KOSPI,삼영화학,화학
023000,KOSPI,삼원강재,자동차
004380,KOSPI,삼익THK,기계
002450,KOSPI,삼익악기,악기 제조업
032280,KOSDAQ,삼일,화물운송
002290,KOSDAQ,삼일기업공사,건설주
004440,KOSPI,삼일씨엔에스,"시멘트, 석회, 플라스터 및 그 제품 제조업"
009770,KOSPI,삼정펄프,"펄프, 종이 및 판지 제조업"
037460,KOSDAQ,삼지전자,통신방송
032750,KOSDAQ,삼진,통신방송
054090,KOSDAQ,삼진엘앤디,그외 기타 제품 제조업
004690,KOSPI,삼천리,연료용 가스 제조 및 배관공급업
024950,KOSDAQ,삼천리자전거,생활용품 도매업
038500,KOSDAQ,삼표시멘트,기타 비철강 광물제품 제조업
017480,KOSDAQ,삼현철강,철강
010960,KOSPI,삼호개발,기반조성 및 시설물 축조관련 전문공사업
046390,KOSDAQ,삼화네트웍스,영상배급
004450,KOSPI,삼화왕관,기타 철강 가공제품 제조업
009470,KOSPI,삼화전기,전자
011230,KOSPI,삼화전자,영상음향
001820,KOSPI,삼화콘덴서,전자
000390,KOSPI,삼화페인트,화학
027580,KOSDAQ,상보,화학
038540,KOSDAQ,상상인,IT
101000,KOSDAQ,상상인인더스트리,기계제조
001290,KOSPI,상상인증권,금융
041650,KOSPI,상신브레이크,자동차
091580,KOSDAQ,상신이디피,일차전지 및 축전지 제조업
263810,KOSDAQ,상신전자,전자
089980,KOSDAQ,상아프론테크,화학
042940,KOSDAQ,상지카일룸,건설주
042600,KOSDAQ,새로닉스,전자
075180,KOSPI,새론오토모티브,자동차
263540,KOSDAQ,샘코,"항공기,우주선 및 부품 제조업"
007540,KOSPI,샘표,금융
248170,KOSPI,샘표식품,식품제조
294630,KOSDAQ,서남,기타 전기장비 제조업
006730,KOSDAQ,서부T&D,일반 및 생활 숙박시설 운영업
079650,KOSDAQ,서산,"시멘트, 석회, 플라스터 및 그 제품 제조업"
100660,KOSDAQ,서암기계공업,기계
007860,KOSPI,서연,금융
200880,KOSPI,서연이화,자동차
019770,KOSDAQ,서연탑메탈,기계제조
017390,KOSPI,서울가스,연료용 가스 제조 및 배관공급업
043710,KOSDAQ,서울리거,도매업
092190,KOSDAQ,서울바이오시스,반도체
046890,KOSDAQ,서울반도체,반도체
004410,KOSPI,서울식품,식품제조
063170,KOSDAQ,서울옥션,중개업
027040,KOSDAQ,서울전자통신,기계장비 및 관련 물품 도매업
021050,KOSPI,서원,철강 주조업
093920,KOSDAQ,서원인텍,통신방송
189860,KOSDAQ,서전기전,전동기계
178320,KOSDAQ,서진시스템,통신방송
122690,KOSDAQ,서진오토모티브,자동차
140070,KOSDAQ,서플러스글로벌,기계장비 및 관련 물품 도매업
011370,KOSDAQ,서한,건설주
065710,KOSDAQ,서호전기,전동기계
008490,KOSPI,서흥,화학
035890,KOSDAQ,서희건설,건설주
357550,KOSDAQ,석경에이티,화학
003100,KOSDAQ,선광,기타 운송관련 서비스업
123420,KOSDAQ,선데이토즈,IT
007610,KOSPI,선도전기,전동기계
171090,KOSDAQ,선익시스템,기계제조
136490,KOSPI,선진,동물용 사료 및 조제식품 제조업
002820,KOSPI,선창산업,나무제품 제조업
014620,KOSDAQ,성광벤드,철강
037350,KOSDAQ,성도이엔지,"건축기술, 엔지니어링 및 관련 기술 서비스업"
014910,KOSPI,성문전자,전자
003080,KOSPI,성보화학,"비료, 농약 및 살균, 살충제 제조업"
004980,KOSPI,성신양회,"시멘트, 석회, 플라스터 및 그 제품 제조업"
011300,KOSPI,성안,직물직조 및 직물제품 제조업
081580,KOSDAQ,성우전자,통신방송
045300,KOSDAQ,성우테크론,전자
015750,KOSDAQ,성우하이텍,자동차
000180,KOSPI,성창기업지주,회사 본부 및 경영 컨설팅 서비스업
080470,KOSDAQ,성창오토텍,자동차
043260,KOSDAQ,성호전자,전자
148150,KOSDAQ,세경하이테크,전자
002420,KOSPI,세기상사,영상배급
053060,KOSDAQ,세동,자동차
017510,KOSDAQ,세명전기,기타 철강 가공제품 제조업
214310,KOSDAQ,세미콘라이트,반도체
004360,KOSPI,세방,화물운송
004490,KOSPI,세방전지,일차전지 및 축전지 제조업
011560,KOSDAQ,세보엠이씨,건물설비 설치 공사업
001430,KOSPI,세아베스틸,철강
306200,KOSPI,세아제강,철강
003030,KOSPI,세아제강지주,금융
019440,KOSPI,세아특수강,철강
058650,KOSPI,세아홀딩스,철강
013000,KOSPI,세우글로벌,도매업
234100,KOSDAQ,세원,자동차
024830,KOSDAQ,세원물산,자동차
091090,KOSPI,세원셀론텍,"구조용 철강제품, 탱크 및 증기발생기 제조업"
021820,KOSPI,세원정공,자동차
067830,KOSPI,세이브존I&C,소매업
033530,KOSPI,세종공업,자동차
036630,KOSDAQ,세종텔레콤,전기통신
039310,KOSDAQ,세중,여행사 및 기타 여행보조 서비스업
075580,KOSPI,세진중공업,선박 및 보트 건조업
067770,KOSDAQ,세진티에스,전자
053450,KOSDAQ,세코닉스,사진장비 및 광학기기 제조업
234340,KOSDAQ,세틀뱅크,IT
027970,KOSPI,세하,"펄프, 종이 및 판지 제조업"
145210,KOSPI,세화아이엠씨,기계제조
252500,KOSDAQ,세화피앤씨,화학
347000,KOSDAQ,센코,전자
308170,KOSPI,센트랄모텍,자동차
012600,KOSPI,센트럴인사이트,기계
108860,KOSDAQ,셀바스AI,IT
091990,KOSDAQ,셀트리온헬스케어,도매업
290690,KOSDAQ,소룩스,조명장치
053110,KOSDAQ,소리바다,IT
032680,KOSDAQ,소프트센,기계장비 및 관련 물품 도매업
258790,KOSDAQ,소프트캠프,IT
066910,KOSDAQ,손오공,도매업
336370,KOSPI,솔루스첨단소재,전자
154040,KOSDAQ,솔루에타,전자
035610,KOSDAQ,솔본,회사 본부 및 경영 컨설팅 서비스업
357780,KOSDAQ,솔브레인,화학
036830,KOSDAQ,솔브레인홀딩스,화학
304100,KOSDAQ,솔트룩스,IT
004430,KOSPI,송원산업,화학
086980,KOSDAQ,쇼박스,영상배급
050960,KOSDAQ,수산아이앤티,IT
017550,KOSPI,수산중공업,기계제조
084180,KOSDAQ,수성,기계
058530,KOSDAQ,슈펙스비앤피,생활용품 도매업
236200,KOSDAQ,슈프리마,통신방송
317770,KOSDAQ,슈프리마아이디,전자
094840,KOSDAQ,슈프리마에이치큐,통신방송
192440,KOSDAQ,슈피겐코리아,그외 기타 제품 제조업
099440,KOSDAQ,스맥,기계제조
053210,KOSPI,스카이라이프,방송업
033790,KOSDAQ,스카이문스테크놀로지,통신방송
131100,KOSDAQ,스카이이앤엠,도매업
159910,KOSDAQ,스킨앤스킨,화학
158310,KOSDAQ,스타모빌리티,기계제조
115570,KOSDAQ,스타플렉스,화학
253450,KOSDAQ,스튜디오드래곤,영상배급
204630,KOSDAQ,스튜디오산타클로스,창작 및 예술관련 서비스업
013810,KOSDAQ,스페코,기계제조
049830,KOSDAQ,승일,기타 철강 가공제품 제조업
020710,KOSDAQ,시공테크,전문디자인업
033170,KOSDAQ,시그네틱스,반도체
025320,KOSDAQ,시노펙스,전자
134790,KOSPI,시디즈,가구 제조업
269620,KOSDAQ,시스웍  측정,", 시험, 항해, 제어 및 기타 정밀기기 제조업; 광학기기 제외"
131090,KOSDAQ,시큐브,IT
016590,KOSPI,신대양제지,"골판지, 종이 상자 및 종이용기 제조업"
290520,KOSDAQ,신도기연,기계제조
029530,KOSPI,신도리코,컴퓨터 및 주변장치 제조업
004970,KOSPI,신라교역,어로 어업
001000,KOSDAQ,신라섬유,가전제품 및 정보통신장비 소매업
025870,KOSDAQ,신라에스지,음식도매
065350,KOSDAQ,신성델타테크,가정용 기기 제조업
011930,KOSPI,신성이엔지,반도체
005390,KOSPI,신성통상,도매업
004170,KOSPI,신세계,소매업
035510,KOSPI,신세계 I&C,IT
034300,KOSPI,신세계건설,건설주
031430,KOSPI,신세계인터내셔날,"섬유, 의복, 신발 및 가죽제품 소매업"
031440,KOSPI,신세계푸드,음식점업
006880,KOSPI,신송홀딩스,산업용 농·축산물 및 동·식물 도매업
005800,KOSPI,신영와코루,의류
001720,KOSPI,신영증권,금융
009270,KOSPI,신원,의류
017000,KOSDAQ,신원종합개발,건설주
002700,KOSPI,신일전자,기계장비 및 관련 물품 도매업
138070,KOSDAQ,신진에스엠,기타 철강 가공제품 제조업
226330,KOSDAQ,신테카바이오,IT
002870,KOSPI,신풍제지,"펄프, 종이 및 판지 제조업"
293940,KOSPI,신한알파리츠,부동산
055550,KOSPI,신한지주,금융
001770,KOSPI,신화실업,철강
056700,KOSDAQ,신화인터텍,화학
187270,KOSDAQ,신화콘텍,전동기계
004080,KOSPI,신흥,기계장비 및 관련 물품 도매업
243840,KOSDAQ,신흥에스이씨,일차전지 및 축전지 제조업
108320,KOSDAQ,실리콘웍스,반도체
222800,KOSDAQ,심텍,전자
036710,KOSDAQ,심텍홀딩스,통신방송
160980,KOSDAQ,싸이맥스,기계제조
102280,KOSPI,쌍방울,의류
003410,KOSPI,쌍용양회,"시멘트, 석회, 플라스터 및 그 제품 제조업"
010280,KOSDAQ,쌍용정보통신,IT
003620,KOSPI,쌍용차,자동차용 엔진 및 자동차 제조업
004770,KOSPI,써니전자,반도체
208640,KOSDAQ,썸에이지,IT
222420,KOSDAQ,쎄노텍,기타 비철강 광물제품 제조업
037760,KOSDAQ,쎄니트,철강
136510,KOSDAQ,쎄미시스코,기계제조
099320,KOSDAQ,쎄트렉아이,"항공기,우주선 및 부품 제조업"
015540,KOSPI,쎌마테라퓨틱스,기타 사업지원 서비스업
050890,KOSDAQ,쏠리드,통신방송
066790,KOSDAQ,씨씨에스,방송업
222080,KOSDAQ,씨아이에스,기계제조
004920,KOSPI,씨아이테크,그외 기타 제품 제조업
264660,KOSDAQ,씨앤지하이테크,기계제조
297090,KOSDAQ,씨에스베어링,기계
112610,KOSPI,씨에스윈드,"구조용 철강제품, 탱크 및 증기발생기 제조업"
115530,KOSDAQ,씨엔플러스,전자
225330,KOSDAQ,씨엠에스에듀,일반 교습 학원
101240,KOSDAQ,씨큐브,화학
260930,KOSDAQ,씨티케이코스메틱스,화학
013990,KOSDAQ,아가방컴퍼니,생활용품 도매업
123860,KOSDAQ,아나패스,반도체
025980,KOSDAQ,아난티,일반 및 생활 숙박시설 운영업
008700,KOSPI,아남전자,영상음향
050320,KOSDAQ,아래스,기계장비 및 관련 물품 도매업
058220,KOSDAQ,아리온,통신방송
125210,KOSDAQ,아모그린텍,전자
002790,KOSPI,아모레G,화학
090430,KOSPI,아모레퍼시픽,화학
052710,KOSDAQ,아모텍,전자
074430,KOSDAQ,아미노로직스,도매업
092040,KOSDAQ,아미코젠,식품제조
083930,KOSDAQ,아바코,기계제조
149950,KOSDAQ,아바텍,전자
036010,KOSDAQ,아비코전자,전자
002030,KOSPI,아세아,회사 본부 및 경영 컨설팅 서비스업
183190,KOSPI,아세아시멘트,"시멘트, 석회, 플라스터 및 그 제품 제조업"
002310,KOSPI,아세아제지,"골판지, 종이 상자 및 종이용기 제조업"
050860,KOSDAQ,아세아텍,기계제조
067390,KOSDAQ,아스트,"항공기,우주선 및 부품 제조업"
127710,KOSDAQ,아시아경제,IT
267850,KOSPI,아시아나IDT,IT
020560,KOSPI,아시아나항공,항공 여객 운송업
154030,KOSDAQ,아시아종묘,작물 재배업
227610,KOSDAQ,아우딘퓨쳐스,화학
143160,KOSDAQ,아이디스,통신방송
054800,KOSDAQ,아이디스홀딩스,기타 전문 서비스업
332370,KOSDAQ,아이디피,컴퓨터 및 주변장치 제조업
122900,KOSPI,아이마켓코리아,도매업
339950,KOSDAQ,아이비김영,일반 교습 학원
289010,KOSDAQ,아이스크림에듀,"서적, 잡지 및 기타 인쇄물 출판업"
214430,KOSDAQ,아이쓰리시스템,전자
040910,KOSDAQ,아이씨디,기계제조
068940,KOSDAQ,아이씨케이,전자
052860,KOSDAQ,아이앤씨,반도체
010780,KOSPI,아이에스동서,"내화, 비내화 요업제품 제조업"
069920,KOSDAQ,아이에스이커머스,무점포 소매업
038880,KOSDAQ,아이에이,전자
123010,KOSDAQ,아이에이네트웍스,전자
307180,KOSDAQ,아이엘사이언스,조명장치
101390,KOSDAQ,아이엠,전자
090740,KOSDAQ,아이엠이연이,전자
226350,KOSDAQ,아이엠텍,전자
078860,KOSDAQ,아이오케이,영상배급
114810,KOSDAQ,아이원스,기계제조
031310,KOSDAQ,아이즈비전,전기통신
059100,KOSDAQ,아이컴포넌트,전자
052460,KOSDAQ,아이크래프트,IT
119830,KOSDAQ,아이텍,"그외 기타 전문, 과학 및 기술 서비스업"
052770,KOSDAQ,아이톡시,IT
124500,KOSDAQ,아이티센,IT
084850,KOSDAQ,아이티엠반도체,전자
033660,KOSPI,아주캐피탈,금융
032080,KOSDAQ,아즈텍WB,"섬유제품 염색, 정리 및 마무리 가공업"
013310,KOSDAQ,아진산업,자동차
059120,KOSDAQ,아진엑스텍,반도체
158430,KOSDAQ,아톤,IT
067160,KOSDAQ,아프리카TV,IT
053800,KOSDAQ,안랩,IT
297570,KOSDAQ,알로이스,통신방송
001780,KOSPI,알루코,철강
131370,KOSDAQ,알서포트,IT
140670,KOSDAQ,알에스오토메이션,전자
096610,KOSDAQ,알에프세미,반도체
061040,KOSDAQ,알에프텍,통신방송
148250,KOSDAQ,알엔투테크놀로지,전자
347860,KOSDAQ,알체라,IT
123750,KOSDAQ,알톤스포츠,운송
085810,KOSDAQ,알티캐스트,IT
117670,KOSDAQ,알파홀딩스,반도체
018250,KOSPI,애경산업,화학
161000,KOSPI,애경유화,화학
310200,KOSDAQ,애니플러스,영상배급
205500,KOSDAQ,액션스퀘어,IT
052790,KOSDAQ,액토즈소프트,IT
131400,KOSDAQ,액트,전자
290740,KOSDAQ,액트로,전자
238090,KOSDAQ,앤디포스,화학
092600,KOSDAQ,앤씨앤,반도체
129890,KOSDAQ,앱코,컴퓨터 및 주변장치 제조업
255440,KOSDAQ,야스,기계제조
030960,KOSDAQ,양지사,인쇄 및 인쇄관련 산업
102120,KOSDAQ,어보브반도체,반도체
238120,KOSDAQ,얼라인드,사진장비 및 광학기기 제조업
019990,KOSDAQ,에너토크,기계
011090,KOSPI,에넥스,가구 제조업
041440,KOSDAQ,에버다임,기계제조
038680,KOSDAQ,에스넷,IT
121890,KOSDAQ,에스디시스템,전자
097780,KOSDAQ,에스맥,통신방송
042110,KOSDAQ,에스씨디,가정용 기기 제조업
065420,KOSDAQ,에스아이리소스,석탄 광업
103230,KOSDAQ,에스앤더블류,기계
101490,KOSDAQ,에스앤에스텍,전자
095910,KOSDAQ,에스에너지,전동기계
275630,KOSDAQ,에스에스알,IT
031330,KOSDAQ,에스에이엠티,기계장비 및 관련 물품 도매업
060540,KOSDAQ,에스에이티  측,"정, 시험, 항해, 제어 및 기타 정밀기기 제조업; 광학기기 제외"
056190,KOSDAQ,에스에프에이,기계제조
080000,KOSDAQ,에스엔유,기계제조
005850,KOSPI,에스엘,자동차
041510,KOSDAQ,에스엠,엔터테인먼트
007820,KOSDAQ,에스엠코어,기계
109610,KOSDAQ,에스와이,"구조용 철강제품, 탱크 및 증기발생기 제조업"
012750,KOSPI,에스원,"경비, 경호 및 탐정업"
306040,KOSDAQ,에스제이그룹,"가죽, 가방 및 유사제품 제조업"
080440,KOSDAQ,에스제이케이,도매업
096630,KOSDAQ,에스코넥,통신방송
069510,KOSDAQ,에스텍,영상음향
234300,KOSDAQ,에스트래픽,IT
039440,KOSDAQ,에스티아이,기계제조
098660,KOSDAQ,에스티오,의류
052020,KOSDAQ,에스티큐브,기계장비 및 관련 물품 도매업
050760,KOSDAQ,에스폴리텍,화학
288620,KOSDAQ,에스퓨얼셀,전동기계
317830,KOSDAQ,에스피시스템스,기계제조
058610,KOSDAQ,에스피지,전동기계
043340,KOSDAQ,에쎈테크,기계
023960,KOSPI,에쓰씨엔지니어링,토목 건설업
298690,KOSPI,에어부산,항공 여객 운송업
054630,KOSDAQ,에이디칩스,그외 기타 제품 제조업
200710,KOSDAQ,에이디테크놀로지,반도체
096690,KOSDAQ,에이루트,컴퓨터 및 주변장치 제조업
140910,KOSPI,에이리츠,부동산
078520,KOSPI,에이블씨엔씨,화학
195990,KOSDAQ,에이비프로바이오,기계제조
003800,KOSDAQ,에이스침대,가구 제조업
088800,KOSDAQ,에이스테크,통신방송
241840,KOSDAQ,에이스토리,영상배급
138360,KOSDAQ,에이씨티,화학
039230,KOSDAQ,에이아이비트  측,"정, 시험, 항해, 제어 및 기타 정밀기기 제조업; 광학기기 제외"
312610,KOSDAQ,에이에프더블류,일차전지 및 축전지 제조업
015260,KOSPI,에이엔피,전자
072990,KOSDAQ,에이치시티,기타 과학기술 서비스업
176440,KOSDAQ,에이치엔티,전자
028300,KOSDAQ,에이치엘비,선박 및 보트 건조업
067630,KOSDAQ,에이치엘비생명과학,"건축기술, 엔지니어링 및 관련 기술 서비스업"
043220,KOSDAQ,에이치엘비파워,기계제조
239610,KOSDAQ,에이치엘사이언스,식품제조
044780,KOSDAQ,에이치케이,기계제조
071670,KOSDAQ,에이테크솔루션,기계제조
045660,KOSDAQ,에이텍,컴퓨터 및 주변장치 제조업
224110,KOSDAQ,에이텍티앤,통신방송
230980,KOSDAQ,에이트원,IT
089530,KOSDAQ,에이티세미콘,반도체
200470,KOSDAQ,에이팩트,"그외 기타 전문, 과학 및 기술 서비스업"
073070,KOSDAQ,에이팸,자동차
262260,KOSDAQ,에이프로,기타 전기장비 제조업
007460,KOSPI,에이프로젠 KIC,기타 철강 가공제품 제조업
244920,KOSPI,에이플러스에셋,보험 및 연금관련 서비스업
089970,KOSDAQ,에이피티씨,기계제조
230240,KOSDAQ,에치에프알,통신방송
064510,KOSDAQ,에코마이스터,기계제조
230360,KOSDAQ,에코마케팅,광고업
038870,KOSDAQ,에코바이오,사업시설 유지·관리 서비스업
128540,KOSDAQ,에코캡,자동차
247540,KOSDAQ,에코프로비엠,일차전지 및 축전지 제조업
038110,KOSDAQ,에코플라스틱,자동차
073540,KOSDAQ,에프알텍,통신방송
064850,KOSDAQ,에프앤가이드,IT
064090,KOSDAQ,에프앤리퍼블릭,도매업
036810,KOSDAQ,에프에스티,전자
173940,KOSDAQ,에프엔씨엔터,창작 및 예술관련 서비스업
083500,KOSDAQ,에프엔에스테크,기계제조
054940,KOSDAQ,엑사이엔씨,실내건축 및 건축마무리 공사업
205100,KOSDAQ,엑셈,IT
070300,KOSDAQ,엑스큐어,IT
092870,KOSDAQ,엑시콘,기계제조
317870,KOSDAQ,엔바이오니아,그외 기타 제품 제조업
067570,KOSDAQ,엔브이에이치코리아,자동차
101400,KOSDAQ,엔시트론,반도체
036570,KOSPI,엔씨소프트,IT
217820,KOSDAQ,엔에스,기계제조
138250,KOSPI,엔에스쇼핑,무점포 소매업
031860,KOSDAQ,엔에스엔,도매업
265740,KOSDAQ,엔에프씨,화학
208860,KOSDAQ,엔지스테크널러지,IT
085310,KOSPI,엔케이,"구조용 철강제품, 탱크 및 증기발생기 제조업"
009810,KOSPI,엔케이물산,도매업
069410,KOSDAQ,엔텔스,IT
227950,KOSDAQ,엔투텍,기계제조
198080,KOSDAQ,엔피디,전자
048830,KOSDAQ,엔피케이,화학
096870,KOSDAQ,엘디티,반도체
900140,KOSPI,엘브이엠씨홀딩스,자동차 판매업
061970,KOSDAQ,엘비세미콘,반도체
138690,KOSDAQ,엘아이에스,기계제조
066970,KOSDAQ,엘앤에프,일차전지 및 축전지 제조업
073110,KOSDAQ,엘엠에스,전자
083310,KOSDAQ,엘오티베큠,기계제조
297890,KOSDAQ,엘이티,기계제조
037950,KOSDAQ,엘컴텍,전자
170920,KOSDAQ,엘티씨,화학
058630,KOSDAQ,엠게임,IT
169330,KOSDAQ,엠브레인,시장조사 및 여론조사업
097520,KOSDAQ,엠씨넥스,영상음향
009780,KOSDAQ,엠에스씨,식품제조
123040,KOSDAQ,엠에스오토텍,자동차
323230,KOSDAQ,엠에프엠코리아,편조의복 제조업
032790,KOSDAQ,엠젠플러스,기계장비 및 관련 물품 도매업
033160,KOSDAQ,엠케이전자,전자
347890,KOSDAQ,엠투아이  측정,", 시험, 항해, 제어 및 기타 정밀기기 제조업; 광학기기 제외"
033310,KOSDAQ,엠투엔,기타 철강 가공제품 제조업
259630,KOSDAQ,엠플러스,기계제조
115960,KOSDAQ,연우,화학
060850,KOSDAQ,영림원소프트랩,IT
014440,KOSPI,영보화학,화학
007530,KOSDAQ,영신철강,기타 철강 가공제품 제조업
143540,KOSDAQ,영우디에스피,기계제조
111770,KOSPI,영원무역,도매업
009970,KOSPI,영원무역홀딩스,금융
000670,KOSPI,영풍,철강
036560,KOSDAQ,영풍정밀,기계
006740,KOSPI,영풍제지,"골판지, 종이 상자 및 종이용기 제조업"
012280,KOSPI,영화철강,자동차
265560,KOSDAQ,영화테크,자동차
012160,KOSPI,영흥,철강
036000,KOSDAQ,예림당,"서적, 잡지 및 기타 인쇄물 출판업"
250930,KOSDAQ,예선테크,화학
053280,KOSDAQ,예스24,무점포 소매업
015360,KOSPI,예스코홀딩스,금융
122640,KOSDAQ,예스티,기계제조
045060,KOSDAQ,오공,화학
080520,KOSDAQ,오디텍,반도체
007310,KOSPI,오뚜기,식품제조
039830,KOSDAQ,오로라,전문디자인업
046120,KOSDAQ,오르비텍,기타 과학기술 서비스업
014940,KOSDAQ,오리엔탈정공,기계
065500,KOSDAQ,오리엔트정공,자동차
271560,KOSPI,오리온,식품제조
001800,KOSPI,오리온홀딩스,금융
010470,KOSDAQ,오리콤,광고업
053980,KOSDAQ,오상자이엘,IT
052420,KOSDAQ,오성첨단소재,화학
241790,KOSDAQ,오션브릿지,기계제조
031510,KOSDAQ,오스템,자동차
138080,KOSDAQ,오이솔루션,통신방송
080580,KOSDAQ,오킨스전자,전자
067170,KOSDAQ,오텍,자동차 재제조 부품 제조업
173130,KOSDAQ,오파스넷,IT
049480,KOSDAQ,오픈베이스,IT
309930,KOSDAQ,오하임아이엔티,기타 생활용품 소매업
057540,KOSDAQ,옴니시스템  측,"정, 시험, 항해, 제어 및 기타 정밀기기 제조업; 광학기기 제외"
082210,KOSDAQ,옵트론텍,사진장비 및 광학기기 제조업
109080,KOSDAQ,옵티시스,통신방송
122990,KOSDAQ,와이솔,전자
232140,KOSDAQ,와이아이케이,기계제조
067900,KOSDAQ,와이엔텍,폐기물 처리업
155650,KOSDAQ,와이엠씨,전자
251370,KOSDAQ,와이엠티,화학
066430,KOSDAQ,와이오엠,도매업
193250,KOSDAQ,와이제이엠게임즈,전자
273060,KOSDAQ,와이즈버즈,광고업
019210,KOSDAQ,와이지-원,기타 철강 가공제품 제조업
122870,KOSDAQ,와이지엔터테인먼트,엔터테인먼트
332570,KOSDAQ,와이팜,전자
079000,KOSDAQ,와토스코리아,화학
070960,KOSPI,용평리조트,일반 및 생활 숙박시설 운영업
114630,KOSDAQ,우노앤컴퍼니,화학섬유 제조업
316140,KOSPI,우리금융지주,금융
032820,KOSDAQ,우리기술,전동기계
115440,KOSDAQ,우리넷,통신방송
118000,KOSPI,우리들휴브레인,기계장비 및 관련 물품 도매업
046970,KOSDAQ,우리로,도매업
082850,KOSDAQ,우리바이오,조명장치
215360,KOSDAQ,우리산업,자동차
072470,KOSDAQ,우리산업홀딩스,자동차
073560,KOSDAQ,우리손에프앤지,"도축, 육류 가공 및 저장 처리업"
153490,KOSDAQ,우리이앤엘,반도체
037400,KOSDAQ,우리조명,조명장치
010050,KOSPI,우리종금,금융
101170,KOSDAQ,우림기계,기계
006980,KOSPI,우성사료,"곡물가공품, 전분 및 전분제품 제조업"
066590,KOSDAQ,우수AMS,자동차
017370,KOSPI,우신시스템,기계제조
103840,KOSDAQ,우양,"과실, 채소 가공 및 저장 처리업"
046940,KOSDAQ,우원개발,기반조성 및 시설물 축조관련 전문공사업
065680,KOSDAQ,우주일렉트로,전자
105840,KOSPI,"우진  측정,","시험, 항해, 제어 및 기타 정밀기기 제조업; 광학기기 제외"
010400,KOSPI,우진아이엔에스,건물설비 설치 공사업
049800,KOSPI,우진플라임,기계제조
016880,KOSPI,웅진,금융
095720,KOSPI,웅진씽크빅,초등 교육기관
005820,KOSPI,원림,직물직조 및 직물제품 제조업
053080,KOSDAQ,원방테크,기계
032940,KOSDAQ,원익,기계장비 및 관련 물품 도매업
240810,KOSDAQ,원익IPS,기계제조
074600,KOSDAQ,원익QnC,유리 및 유리제품 제조업
104830,KOSDAQ,원익머트리얼즈,화학
014190,KOSDAQ,원익큐브,도매업
012620,KOSDAQ,원일특강,철강
008370,KOSDAQ,원풍,화학
008290,KOSDAQ,원풍물산,의류
101160,KOSDAQ,월덱스,전자
095270,KOSDAQ,웨이브일렉트로,"측정, 시험, 항해, 제어 및 기타 정밀기기 제조업; 광학기기 제외"
010600,KOSPI,웰바이오텍,중개업
065950,KOSDAQ,웰크론,직물직조 및 직물제품 제조업
076080,KOSDAQ,웰크론한텍,건설주
196700,KOSDAQ,웹스,화학
069080,KOSDAQ,웹젠,IT
053580,KOSDAQ,웹케시,IT
071460,KOSDAQ,위니아딤채,가정용 기기 제조업
044340,KOSDAQ,위닉스,가정용 기기 제조업
348350,KOSDAQ,위드텍  측정,", 시험, 항해, 제어 및 기타 정밀기기 제조업; 광학기기 제외"
112040,KOSDAQ,위메이드,IT
065370,KOSDAQ,위세아이텍,IT
038620,KOSDAQ,위즈코프,연료 소매업
299900,KOSDAQ,위지윅스튜디오,영상배급
036090,KOSDAQ,위지트,기계제조
136540,KOSDAQ,윈스,IT
320000,KOSDAQ,윈텍,기계제조
097800,KOSDAQ,윈팩,반도체
192390,KOSDAQ,윈하이텍,"구조용 철강제품, 탱크 및 증기발생기 제조업"
313760,KOSDAQ,윌링스,전동기계
008600,KOSPI,윌비스,생활용품 도매업
014830,KOSPI,유니드,화학
036200,KOSDAQ,유니셈,기계제조
018000,KOSDAQ,유니슨,기계
000910,KOSPI,유니온,"시멘트, 석회, 플라스터 및 그 제품 제조업"
047400,KOSPI,유니온머티리얼,"내화, 비내화 요업제품 제조업"
203450,KOSDAQ,유니온커뮤니티,통신방송
011330,KOSPI,유니켐,"가죽, 가방 및 유사제품 제조업"
077500,KOSPI,유니퀘스트,기계장비 및 관련 물품 도매업
011320,KOSDAQ,유니크,자동차
086390,KOSDAQ,유니테스트,기계제조
241690,KOSDAQ,유니테크노,자동차
142210,KOSDAQ,유니트론텍,자동차 부품 및 내장품 판매업
048430,KOSDAQ,유라테크,전동기계
089850,KOSDAQ,유비벨록스,IT
032620,KOSDAQ,유비케어,IT
264450,KOSDAQ,유비쿼스,통신방송
078070,KOSDAQ,유비쿼스홀딩스,통신방송
002920,KOSPI,유성기업,자동차
024800,KOSDAQ,유성티엔에스,육상 여객 운송업
000700,KOSPI,유수홀딩스,회사 본부 및 경영 컨설팅 서비스업
054930,KOSDAQ,유신,"건축기술, 엔지니어링 및 관련 기술 서비스업"
069330,KOSDAQ,유아이디,전자
049520,KOSDAQ,유아이엘,전자
003470,KOSPI,유안타증권,금융
011690,KOSPI,유양디앤유,반도체
263770,KOSDAQ,유에스티,철강
072130,KOSPI,유엔젤,IT
023410,KOSDAQ,유진기업,"시멘트, 석회, 플라스터 및 그 제품 제조업"
056080,KOSDAQ,유진로봇,기계제조
084370,KOSDAQ,유진테크,기계제조
001200,KOSPI,유진투자증권,금융
178780,KOSDAQ,유테크,전자
179900,KOSDAQ,유티아이,전자
003460,KOSPI,유화증권,금융
191410,KOSDAQ,육일씨엔에쓰,전자
008730,KOSPI,율촌화학,화학
072770,KOSDAQ,율호,IT
008250,KOSPI,이건산업,나무제품 제조업
039020,KOSDAQ,이건홀딩스,제재 및 목재 가공업
025820,KOSPI,이구산업,철강
060230,KOSDAQ,이그잭스,전자
067920,KOSDAQ,이글루시큐리티,IT
044960,KOSDAQ,이글벳,도매업
302430,KOSDAQ,이노메트리,기계제조
214320,KOSPI,이노션,광고업
073490,KOSDAQ,이노와이어리스,통신방송
086250,KOSDAQ,이노와이즈,기계제조
215790,KOSDAQ,이노인스트루먼트,통신방송
088390,KOSDAQ,이녹스,운송
272290,KOSDAQ,이녹스첨단소재,전자
053350,KOSDAQ,이니텍,IT
258610,KOSDAQ,이더블유케이,"구조용 철강제품, 탱크 및 증기발생기 제조업"
215090,KOSDAQ,이디티  측정,", 시험, 항해, 제어 및 기타 정밀기기 제조업; 광학기기 제외"
041520,KOSDAQ,이라이콤,중개업
264850,KOSDAQ,이랜시스,전자
054210,KOSDAQ,이랜텍,전자
065440,KOSDAQ,이루온,IT
088260,KOSPI,이리츠코크렙,부동산
139480,KOSPI,이마트,소매업
036260,KOSDAQ,이매진아시아,영상배급
115610,KOSDAQ,이미지스,반도체
080010,KOSDAQ,이상네트웍스,중개업
007660,KOSPI,이수페타시스,전자
005950,KOSPI,이수화학,화학
015020,KOSPI,이스타코,부동산
047560,KOSDAQ,이스트소프트,IT
067010,KOSDAQ,이씨에스,IT
093230,KOSPI,이아이디,도매업
052190,KOSDAQ,이에스에이,창작 및 예술관련 서비스업
226360,KOSDAQ,이엑스티,토목 건설업
101360,KOSDAQ,이엔드디,화학
102710,KOSDAQ,이엔에프테크놀로지,화학
074610,KOSPI,이엔플러스,기계
063760,KOSDAQ,이엘피  측정,", 시험, 항해, 제어 및 기타 정밀기기 제조업; 광학기기 제외"
087730,KOSDAQ,이엠네트웍스,화학
123570,KOSDAQ,이엠넷,광고업
083470,KOSDAQ,이엠앤아이,화학
095190,KOSDAQ,이엠코리아,기계제조
091120,KOSDAQ,이엠텍,전자
039030,KOSDAQ,이오테크닉스,기계제조
088290,KOSDAQ,이원컴포텍,자동차
084680,KOSPI,이월드,유흥
181340,KOSDAQ,이즈미디어  측,"정, 시험, 항해, 제어 및 기타 정밀기기 제조업; 광학기기 제외"
353810,KOSDAQ,이지바이오,동물용 사료 및 조제식품 제조업
350520,KOSPI,이지스레지던스리츠,부동산
334890,KOSPI,이지스밸류리츠,부동산
090850,KOSDAQ,이지웰,IT
099750,KOSDAQ,이지케어텍,IT
035810,KOSDAQ,이지홀딩스,동물용 사료 및 조제식품 제조업
160600,KOSDAQ,이큐셀,기계제조
092130,KOSDAQ,이크레더블,IT
096040,KOSDAQ,이트론,도매업
134060,KOSDAQ,이퓨쳐,"서적, 잡지 및 기타 인쇄물 출판업"
001840,KOSDAQ,이화공영,건설주
000760,KOSPI,이화산업,도매업
024810,KOSDAQ,이화전기,전동기계
014990,KOSPI,인디에프,의류
352940,KOSDAQ,인바이오,"비료, 농약 및 살균, 살충제 제조업"
101140,KOSPI,인바이오젠,생활용품 도매업
079950,KOSDAQ,인베니아,기계제조
277410,KOSDAQ,인산가,식품제조
060150,KOSDAQ,인선이엔티,폐기물 처리업
033230,KOSDAQ,인성정보,IT
006490,KOSPI,인스코비,전기통신
037330,KOSDAQ,인지디스플레,전자
023800,KOSPI,인지컨트롤스,자동차
034590,KOSPI,인천도시가스,연료용 가스 제조 및 배관공급업
083640,KOSDAQ,인콘,통신방송
216050,KOSDAQ,인크로스,광고업
049070,KOSDAQ,인탑스,통신방송
017250,KOSDAQ,인터엠,영상음향
129260,KOSPI,인터지스,화물운송
035080,KOSDAQ,인터파크,무점포 소매업
051370,KOSDAQ,인터플렉스,전자
064290,KOSDAQ,인텍플러스,기계제조
189300,KOSDAQ,인텔리안테크,통신방송
023810,KOSPI,인팩,자동차
175140,KOSDAQ,인포마크,통신방송
115310,KOSDAQ,인포바인,전기통신
039290,KOSDAQ,인포뱅크,IT
041020,KOSDAQ,인프라웨어,IT
071200,KOSDAQ,인피니트헬스케어,IT
101930,KOSDAQ,인화정공,선박 및 보트 건조업
013360,KOSPI,일성건설,토목 건설업
068330,KOSDAQ,일신바이오,기계
003200,KOSPI,일신방직,방적 및 가공사 제조업
007110,KOSPI,일신석재,"건축자재, 철물 및 난방장치 도매업"
058450,KOSDAQ,일야,통신방송
008500,KOSPI,일정실업,편조원단 제조업
019540,KOSDAQ,일지테크,자동차
081000,KOSPI,일진다이아,화학
020760,KOSPI,일진디스플,반도체
020150,KOSPI,일진머티리얼즈,전자
103590,KOSPI,일진전기,절연선 및 케이블 제조업
094820,KOSDAQ,일진파워,전기통신업
015860,KOSPI,일진홀딩스,금융
226320,KOSPI,잇츠한불,화학
950140,KOSDAQ,잉글우드랩,화학
049550,KOSDAQ,잉크테크,화학
254120,KOSDAQ,자비스,기계제조
221610,KOSDAQ,자안,화학
043910,KOSDAQ,자연과환경,환경 정화 및 복원업
234920,KOSDAQ,자이글,가정용 기기 제조업
317400,KOSPI,자이에스앤디,부동산
033240,KOSPI,자화전자,전자
174880,KOSDAQ,장원테크,통신방송
049630,KOSDAQ,재영솔루텍,사진장비 및 광학기기 제조업
000950,KOSPI,전방,방적 및 가공사 제조업
065530,KOSDAQ,전파기지국,전기통신
208140,KOSDAQ,정다운,"도축, 육류 가공 및 저장 처리업"
022220,KOSDAQ,정산애강,화학
040420,KOSDAQ,정상제이엘에스,일반 교습 학원
045510,KOSDAQ,정원엔시스,IT
065620,KOSDAQ,제낙스,철강
217190,KOSDAQ,제너셈,기계제조
072520,KOSDAQ,제넨바이오,폐기물 처리업
123330,KOSDAQ,제닉,화학
159580,KOSDAQ,제로투세븐,생활용품 도매업
147830,KOSDAQ,제룡산업,"구조용 철강제품, 탱크 및 증기발생기 제조업"
033100,KOSDAQ,제룡전기,전동기계
079370,KOSDAQ,제우스,기계제조
054950,KOSDAQ,제이브이엠,기계
090470,KOSDAQ,제이스텍,기계제조
137950,KOSDAQ,제이씨케미칼,화학
033320,KOSDAQ,제이씨현시스템,기계장비 및 관련 물품 도매업
348950,KOSPI,제이알글로벌리츠,부동산
204270,KOSDAQ,제이앤티씨,전자
194370,KOSPI,제이에스코퍼레이션,"가죽, 가방 및 유사제품 제조업"
026040,KOSDAQ,제이에스티나,귀철강 및 장신용품 제조업
126880,KOSDAQ,제이엔케이히터,기계
322510,KOSDAQ,제이엘케이,IT
033050,KOSDAQ,제이엠아이,기록매체 복제업
094970,KOSDAQ,제이엠티,전자
058420,KOSDAQ,제이웨이,영상배급
025620,KOSPI,제이준코스메틱,화학
036420,KOSPI,제이콘텐트리,영상배급
089790,KOSDAQ,제이티,기계제조
030000,KOSPI,제일기획,광고업
001560,KOSPI,제일연마,기타 비철강 광물제품 제조업
199820,KOSDAQ,제일전기공업,전동기계
023440,KOSDAQ,제일제강,철강
038010,KOSDAQ,제일테크노스,"구조용 철강제품, 탱크 및 증기발생기 제조업"
002620,KOSPI,제일파마홀딩스,회사 본부 및 경영 컨설팅 서비스업
080220,KOSDAQ,제주반도체,반도체
006220,KOSPI,제주은행,은행 및 저축기관
089590,KOSPI,제주항공,항공 여객 운송업
082270,KOSDAQ,젬백스,기계제조
064800,KOSDAQ,젬백스링크,"섬유, 의복, 신발 및 가죽제품 소매업"
041590,KOSDAQ,젬백스지오,실내건축 및 건축마무리 공사업
044060,KOSDAQ,조광ILI,기계
004910,KOSPI,조광페인트,화학
004700,KOSPI,조광피혁,"가죽, 가방 및 유사제품 제조업"
001550,KOSPI,조비,"비료, 농약 및 살균, 살충제 제조업"
000480,KOSPI,조선내화,"내화, 비내화 요업제품 제조업"
120030,KOSPI,조선선재,기타 철강 가공제품 제조업
101730,KOSDAQ,조이맥스,IT
067000,KOSDAQ,조이시티,IT
018470,KOSPI,조일알미늄,철강
002600,KOSPI,조흥,식품제조
033340,KOSDAQ,좋은사람들,의류
036930,KOSDAQ,주성엔지니어링,기계제조
044380,KOSPI,주연테크,컴퓨터 및 주변장치 제조업
239340,KOSDAQ,줌인터넷,IT
000440,KOSDAQ,중앙에너비스,도매업
013890,KOSPI,지누스,가구 제조업
043610,KOSDAQ,지니뮤직,IT
263860,KOSDAQ,지니언스,IT
303030,KOSDAQ,지니틱스,반도체
036180,KOSDAQ,지더블유바이텍,기계장비 및 관련 물품 도매업
208350,KOSDAQ,지란지교시큐리티,IT
114570,KOSDAQ,지스마트글로벌,반도체
051160,KOSDAQ,지어소프트,IT
053050,KOSDAQ,지에스이,연료용 가스 제조 및 배관공급업
119850,KOSDAQ,지엔씨에너지,전동기계
270520,KOSDAQ,지엔원에너지,"건축기술, 엔지니어링 및 관련 기술 서비스업"
065060,KOSDAQ,지엔코,의류
013870,KOSPI,지엠비코리아,자동차
071320,KOSPI,지역난방공사,"증기, 냉·온수 및 공기조절 공급업"
111820,KOSDAQ,지와이커머스,IT
010580,KOSPI,지코,자동차
035000,KOSPI,지투알,회사 본부 및 경영 컨설팅 서비스업
115450,KOSDAQ,지트리비앤티,도매업
088790,KOSPI,진도,도매업
018120,KOSDAQ,진로발효,주류
086060,KOSDAQ,진바이오텍,동물용 사료 및 조제식품 제조업
036890,KOSDAQ,진성티이씨,기계제조
003780,KOSPI,진양산업,화학
010640,KOSPI,진양폴리,화학
100250,KOSPI,진양홀딩스,화학
051630,KOSPI,진양화학,화학
272450,KOSPI,진에어,항공 여객 운송업
002780,KOSPI,진흥기업,토목 건설업
009310,KOSPI,참엔지니어링,기계제조
094850,KOSDAQ,참좋은여행,여행사 및 기타 여행보조 서비스업
004650,KOSDAQ,창해에탄올,주류
278280,KOSDAQ,천보,화학
000650,KOSPI,천일고속,육상 여객 운송업
096240,KOSDAQ,청담러닝,일반 교습 학원
013720,KOSDAQ,청보산업,자동차
066360,KOSDAQ,체리부로,"도축, 육류 가공 및 저장 처리업"
033250,KOSPI,체시스,자동차
047820,KOSDAQ,초록뱀,영상배급
094360,KOSDAQ,칩스앤미디어,IT
016920,KOSDAQ,카스,기계장비 및 관련 물품 도매업
035720,KOSPI,카카오,IT
293490,KOSDAQ,카카오게임즈,IT
042000,KOSDAQ,카페24,IT
006380,KOSPI,카프로,화학
317530,KOSDAQ,캐리소프트,영상배급
071850,KOSDAQ,캐스텍코리아,자동차
180400,KOSDAQ,캔서롭,기타 과학기술 서비스업
050110,KOSDAQ,캠시스,전자
109070,KOSPI,컨버즈,"골판지, 종이 상자 및 종이용기 제조업"
078340,KOSDAQ,컴투스,IT
263700,KOSDAQ,케어랩스,IT
221980,KOSDAQ,케이디켐,화학
043290,KOSDAQ,케이맥,기계제조
001620,KOSPI,케이비아이동국실업,자동차
192250,KOSDAQ,케이사인,IT
029460,KOSPI,케이씨  측정,", 시험, 항해, 제어 및 기타 정밀기기 제조업; 광학기기 제외"
344820,KOSPI,케이씨씨글라스,유리 및 유리제품 제조업
115500,KOSDAQ,케이씨에스,IT
281820,KOSPI,케이씨텍  측정,", 시험, 항해, 제어 및 기타 정밀기기 제조업; 광학기기 제외"
089150,KOSDAQ,케이씨티,IT
025880,KOSDAQ,케이씨피드,동물용 사료 및 조제식품 제조업
093320,KOSDAQ,케이아이엔엑스,IT
073010,KOSDAQ,케이에스피,기계
105330,KOSDAQ,케이엔더블유,전자
272110,KOSDAQ,케이엔제이,기계제조
039420,KOSDAQ,케이엘넷,전기통신
083550,KOSDAQ,케이엠,의류
032500,KOSDAQ,케이엠더블유,통신방송
225430,KOSDAQ,케이엠제약,화학
145270,KOSPI,케이탑리츠,부동산
064820,KOSDAQ,케이프,선박 및 보트 건조업
256940,KOSDAQ,케이피에스,기계제조
024880,KOSDAQ,케이피에프,기타 철강 가공제품 제조업
042040,KOSDAQ,케이피엠테크,화학
054410,KOSDAQ,케이피티유,기타 철강 가공제품 제조업
274090,KOSDAQ,켄코아에어로스페이스,"항공기,우주선 및 부품 제조업"
089010,KOSDAQ,켐트로닉스,화학
220260,KOSDAQ,켐트로스,화학
052400,KOSDAQ,코나아이,IT
033110,KOSDAQ,코너스톤네트웍스,소매업
094860,KOSDAQ,코닉글로리,IT
046070,KOSDAQ,코다코,자동차
047770,KOSDAQ,코데즈컴바인,의류
078940,KOSDAQ,코드네이처,전기통신업
080530,KOSDAQ,코디,화학
224060,KOSDAQ,코디엠,기계제조
357120,KOSPI,코람코에너지리츠,부동산
078650,KOSDAQ,코렌,사진장비 및 광학기기 제조업
027050,KOSDAQ,코리아나,화학
290510,KOSDAQ,코리아센터,IT
007810,KOSPI,코리아써키트,전자
101670,KOSDAQ,코리아에스이,"구조용 철강제품, 탱크 및 증기발생기 제조업"
123410,KOSDAQ,코리아에프티,자동차
003690,KOSPI,코리안리,재 보험업
036690,KOSDAQ,코맥스,통신방송
049430,KOSDAQ,코메론  측정,", 시험, 항해, 제어 및 기타 정밀기기 제조업; 광학기기 제외"
183300,KOSDAQ,코미코,기계제조
089890,KOSDAQ,코세스,기계제조
009730,KOSDAQ,코센,철강
082660,KOSDAQ,코스나인,통신방송
192820,KOSPI,코스맥스,화학
044820,KOSPI,코스맥스비티아이,금융
222040,KOSDAQ,코스맥스엔비티,식품제조
241710,KOSDAQ,코스메카코리아,화학
005070,KOSPI,코스모신소재,화학
005420,KOSPI,코스모화학,화학
069110,KOSDAQ,코스온,화학
071950,KOSPI,코아스,가구 제조업
045970,KOSDAQ,코아시아,반도체
029960,KOSDAQ,코엔텍,폐기물 처리업
002020,KOSPI,코오롱,금융
003070,KOSPI,코오롱글로벌,토목 건설업
144620,KOSPI,코오롱머티리얼,화학섬유 제조업
120110,KOSPI,코오롱인더,화학섬유 제조업
138490,KOSPI,코오롱플라스틱,화학
021240,KOSPI,코웨이,그외 기타 개인 서비스업
033290,KOSDAQ,코웰패션,"섬유, 의복, 신발 및 가죽제품 소매업"
056360,KOSDAQ,코위버,통신방송
282880,KOSDAQ,코윈테크,기계제조
121850,KOSDAQ,코이즈,화학
015710,KOSDAQ,코콤,통신방송
052330,KOSDAQ,코텍,영상음향
322780,KOSDAQ,코퍼스코리아,영상배급
126600,KOSDAQ,코프라,화학
031820,KOSPI,콤텍시스템,IT
192400,KOSPI,쿠쿠홀딩스,금융
284740,KOSPI,쿠쿠홈시스,개인 및 가정용품 임대업
060280,KOSDAQ,큐렉소,기타 상품 전문 소매업
015590,KOSPI,큐로,기계
040350,KOSDAQ,큐로컴,IT
051780,KOSDAQ,큐로홀딩스,영상배급
043090,KOSDAQ,큐브앤컴퍼니,도매업
182360,KOSDAQ,큐브엔터,엔터테인먼트
066310,KOSDAQ,큐에스아이,반도체
264900,KOSPI,크라운제과,식품제조
005740,KOSPI,크라운해태홀딩스,금융
043590,KOSDAQ,크로바하이텍,반도체
114120,KOSDAQ,크루셜텍,전자
110790,KOSDAQ,크리스에프앤씨,의류
045520,KOSDAQ,크린앤사이언스,기계
237880,KOSDAQ,클리오,화학
139670,KOSDAQ,키네마스터,IT
020120,KOSPI,키다리스튜디오,IT
039490,KOSPI,키움증권,금융
012170,KOSPI,키위미디어그룹,영상배급
054780,KOSDAQ,키이스트,영상배급
219130,KOSDAQ,타이거일렉,전자
065130,KOSDAQ,탑엔지니어링,기계제조
014580,KOSPI,태경비케이,"시멘트, 석회, 플라스터 및 그 제품 제조업"
015890,KOSPI,태경산업,화학
006890,KOSPI,태경케미컬,화학
023160,KOSDAQ,태광,철강
003240,KOSPI,태광산업,화학섬유 제조업
011280,KOSPI,태림포장,"골판지, 종이 상자 및 종이용기 제조업"
053620,KOSDAQ,태양,기타 철강 가공제품 제조업
004100,KOSPI,태양철강,자동차
009410,KOSPI,태영건설,토목 건설업
044490,KOSDAQ,태웅,기타 철강 가공제품 제조업
124560,KOSDAQ,태웅로직스,기타 운송관련 서비스업
001420,KOSPI,태원물산,자동차
007980,KOSPI,태평양물산,의류
073640,KOSDAQ,테라사이언스,기타 철강 가공제품 제조업
182690,KOSDAQ,테라셈,반도체
095610,KOSDAQ,테스,기계제조
131970,KOSDAQ,테스나,"그외 기타 전문, 과학 및 기술 서비스업"
055490,KOSPI,테이팩스,화학
089030,KOSDAQ,테크윙,기계제조
054450,KOSDAQ,텔레칩스,반도체
091440,KOSDAQ,텔레필드,통신방송
078000,KOSPI,텔코웨어,IT
200230,KOSDAQ,텔콘RF제약,통신방송
214420,KOSPI,토니모리,화학
215480,KOSDAQ,토박스코리아,"섬유, 의복, 신발 및 가죽제품 소매업"
051360,KOSDAQ,토비스,영상음향
045340,KOSDAQ,토탈소프트,IT
108230,KOSDAQ,톱텍,기계제조
079970,KOSDAQ,투비소프트,IT
105550,KOSDAQ,트루윈,전자
026150,KOSDAQ,특수건설,토목 건설업
322180,KOSDAQ,티라유텍,IT
117730,KOSDAQ,티로보틱스,기계제조
033830,KOSDAQ,티비씨,방송업
057680,KOSDAQ,티사이언티픽,IT
064760,KOSDAQ,티씨케이,기타 비철강 광물제품 제조업
277880,KOSDAQ,티에스아이,기계제조
131290,KOSDAQ,티에스이  측정,", 시험, 항해, 제어 및 기타 정밀기기 제조업; 광학기기 제외"
019180,KOSPI,티에이치엔,기타 전기장비 제조업
356860,KOSDAQ,티엘비,전자
062860,KOSDAQ,티엘아이,반도체
363280,KOSPI,티와이홀딩스,금융
091810,KOSPI,티웨이항공,항공 여객 운송업
004870,KOSPI,티웨이홀딩스,"시멘트, 석회, 플라스터 및 그 제품 제조업"
104480,KOSDAQ,티케이케미칼,화학섬유 제조업
081150,KOSDAQ,티플랙스,기타 철강 가공제품 제조업
130740,KOSDAQ,티피씨글로벌,자동차
084730,KOSDAQ,팅크웨어,통신방송
034230,KOSDAQ,파라다이스,유흥
033540,KOSDAQ,파라텍,기계제조
043200,KOSDAQ,파루      전,동기계
214450,KOSDAQ,파마리서치프로덕트,생활용품 도매업
177830,KOSDAQ,파버나인,전자
037070,KOSDAQ,파세코,가정용 기기 제조업
150900,KOSDAQ,파수,IT
037030,KOSDAQ,파워넷,전동기계
047310,KOSDAQ,파워로직스,전동기계
170790,KOSDAQ,파이오링크,통신방송
049120,KOSDAQ,파인디앤씨,전자
038950,KOSDAQ,파인디지털,통신방송
106240,KOSDAQ,파인테크닉스,통신방송
131760,KOSDAQ,파인텍,기계제조
065690,KOSDAQ,파커스,반도체
140860,KOSDAQ,파크시스템스  측,"정, 시험, 항해, 제어 및 기타 정밀기기 제조업; 광학기기 제외"
091700,KOSDAQ,파트론,전자
038160,KOSDAQ,팍스넷,IT
032800,KOSDAQ,판타지오,창작 및 예술관련 서비스업
318010,KOSDAQ,팜스빌,식품제조
036580,KOSPI,팜스코,"곡물가공품, 전분 및 전분제품 제조업"
027710,KOSDAQ,팜스토리,동물용 사료 및 조제식품 제조업
225590,KOSDAQ,패션플랫폼,의류
054300,KOSDAQ,팬스타엔터프라이즈,기계
068050,KOSDAQ,팬엔터테인먼트,영상배급
028670,KOSPI,팬오션,해상운송
010820,KOSPI,퍼스텍,군사
016800,KOSPI,퍼시스,가구 제조업
263750,KOSDAQ,펄어비스,IT
251970,KOSDAQ,펌텍코리아,화학
001020,KOSPI,페이퍼코리아,"펄프, 종이 및 판지 제조업"
090080,KOSPI,평화산업,자동차
043370,KOSDAQ,평화정공,자동차
010770,KOSPI,평화홀딩스,자동차
119500,KOSDAQ,포메탈,기타 철강 가공제품 제조업
016670,KOSDAQ,포비스티앤씨,도매업
056730,KOSDAQ,포스링크,도매업
022100,KOSDAQ,포스코 ICT,"건축기술, 엔지니어링 및 관련 기술 서비스업"
058430,KOSPI,포스코강판,철강
009520,KOSDAQ,포스코엠텍,철강
047050,KOSPI,포스코인터내셔널,중개업
003670,KOSPI,포스코케미칼,"내화, 비내화 요업제품 제조업"
189690,KOSDAQ,포시에스,IT
318020,KOSDAQ,포인트모바일,컴퓨터 및 주변장치 제조업
256630,KOSDAQ,포인트엔지니어링,기타 철강 가공제품 제조업
141020,KOSDAQ,포티스,무점포 소매업
007630,KOSPI,폴루스바이오팜,중개업
290720,KOSDAQ,푸드나무,무점포 소매업
005670,KOSDAQ,푸드웰,"과실, 채소 가공 및 저장 처리업"
094940,KOSDAQ,푸른기술,컴퓨터 및 주변장치 제조업
007330,KOSDAQ,푸른저축은행,은행 및 저축기관
017810,KOSPI,풀무원,식품제조
093380,KOSDAQ,풍강,기타 철강 가공제품 제조업
023900,KOSDAQ,풍국주정,주류
103140,KOSPI,풍산,철강
005810,KOSPI,풍산홀딩스,금융
195440,KOSDAQ,퓨전,IT
214270,KOSDAQ,퓨쳐스트림네트웍스,IT
035200,KOSDAQ,프럼파스트,화학
053610,KOSDAQ,프로텍,기계제조
053160,KOSDAQ,프리엠스,전동기계
075130,KOSDAQ,플랜티넷,IT
237820,KOSDAQ,플레이디,광고업
023770,KOSDAQ,플레이위드,IT
300080,KOSDAQ,플리토,IT
032580,KOSDAQ,피델릭스,반도체
051380,KOSDAQ,피씨디렉트,기계장비 및 관련 물품 도매업
237750,KOSDAQ,피앤씨테크,전동기계
131390,KOSDAQ,피앤이솔루션,전동기계
024850,KOSDAQ,피에스엠씨,전자
319660,KOSDAQ,피에스케이,기계제조
031980,KOSDAQ,피에스케이홀딩스,기계제조
002230,KOSDAQ,피에스텍  측정,", 시험, 항해, 제어 및 기타 정밀기기 제조업; 광학기기 제외"
347740,KOSDAQ,피엔케이피부임상연구센,"타                 그외 기타 전문, 과학 및 기술 서비스업"
137400,KOSDAQ,피엔티,기계제조
128660,KOSDAQ,피제이메탈,철강
062970,KOSDAQ,피피아이,통신방송
087600,KOSDAQ,픽셀플러스,전자
057880,KOSDAQ,필로시스헬스케어,"섬유, 의복, 신발 및 가죽제품 소매업"
033180,KOSPI,필룩스,전자
161580,KOSDAQ,필옵틱스,기계제조
347770,KOSDAQ,핌스,전자
086790,KOSPI,하나금융지주,금융
299030,KOSDAQ,하나기술,기계제조
067310,KOSDAQ,하나마이크론,반도체
166090,KOSDAQ,하나머티리얼즈,반도체
039130,KOSPI,하나투어,여행사 및 기타 여행보조 서비스업
136480,KOSDAQ,하림,"도축, 육류 가공 및 저장 처리업"
172580,KOSPI,하이골드12호,운송장비 임대업
153360,KOSPI,하이골드3호,운송장비 임대업
013030,KOSDAQ,하이록코리아,철강
126700,KOSDAQ,하이비젼시스템,사진장비 및 광학기기 제조업
106080,KOSDAQ,하이소닉,전자
071090,KOSPI,하이스틸,철강
221840,KOSDAQ,하이즈항공,"항공기,우주선 및 부품 제조업"
106190,KOSDAQ,하이텍팜,도매업
019490,KOSPI,하이트론,영상음향
000080,KOSPI,하이트진로,주류
000140,KOSPI,하이트진로홀딩스,금융
066130,KOSDAQ,하츠,가정용 기기 제조업
152550,KOSPI,한국ANKOR유전,신탁투자업
004590,KOSDAQ,한국가구,생활용품 도매업
036460,KOSPI,한국가스공사,연료용 가스 제조 및 배관공급업
039340,KOSDAQ,한국경제TV,방송업
005430,KOSPI,한국공항,기타 운송관련 서비스업
071050,KOSPI,한국금융지주,금융
034950,KOSDAQ,한국기업평가,기타 사업지원 서비스업
010040,KOSPI,한국내화,"내화, 비내화 요업제품 제조업"
025540,KOSPI,한국단자,전동기계
222980,KOSDAQ,한국맥널티,식품제조
004090,KOSPI,한국석유,기타 비철강 광물제품 제조업
025550,KOSDAQ,한국선재,철강
002200,KOSPI,한국수출포장,"골판지, 종이 상자 및 종이용기 제조업"
002960,KOSPI,한국쉘석유,석유 정제품 제조업
023890,KOSDAQ,한국아트라스비엑스,일차전지 및 축전지 제조업
017890,KOSDAQ,한국알콜,화학
123890,KOSPI,한국자산신탁,신탁투자업
015760,KOSPI,한국전력,전기업
041460,KOSDAQ,한국전자인증,IT
006200,KOSPI,한국전자홀딩스,금융
101680,KOSDAQ,한국정밀기계,기계제조
039740,KOSDAQ,한국정보공학,도매업
053300,KOSDAQ,한국정보인증,IT
025770,KOSDAQ,한국정보통신,전기통신
009540,KOSPI,한국조선해양,선박 및 보트 건조업
023350,KOSPI,한국종합기술,"건축기술, 엔지니어링 및 관련 기술 서비스업"
025890,KOSPI,한국주강,기계제조
000970,KOSPI,한국주철관,철강
104700,KOSPI,한국철강,철강
017960,KOSPI,한국카본,"구조용 철강제품, 탱크 및 증기발생기 제조업"
054040,KOSDAQ,한국컴퓨터,전자
050540,KOSDAQ,한국코퍼레이션,기타 사업지원 서비스업
161890,KOSPI,한국콜마,화학
024720,KOSPI,한국콜마홀딩스,금융
021650,KOSDAQ,한국큐빅,화학
161390,KOSPI,한국타이어앤테크놀로,지                               고무제품 제조업
053590,KOSDAQ,한국테크놀로지,자동차
000240,KOSPI,한국테크놀로지그룹,금융
034830,KOSPI,한국토지신탁,신탁투자업
007280,KOSPI,한국특수형강,철강
168490,KOSPI,한국패러랠,신탁투자업
037230,KOSDAQ,한국팩키지,"골판지, 종이 상자 및 종이용기 제조업"
010100,KOSPI,한국프랜지,자동차
047810,KOSPI,한국항공우주,"항공기,우주선 및 부품 제조업"
123690,KOSPI,한국화장품,생활용품 도매업
003350,KOSPI,한국화장품제조,화학
030520,KOSDAQ,한글과컴퓨터,IT
052600,KOSDAQ,한네트,전기통신
011500,KOSPI,한농화성,화학
256150,KOSDAQ,한독크린텍,기계
014790,KOSPI,한라,토목 건설업
092460,KOSDAQ,한라IMS,선박 및 보트 건조업
060980,KOSPI,한라홀딩스,금융
039670,KOSDAQ,한류타임즈,"서적, 잡지 및 기타 인쇄물 출판업"
053690,KOSPI,한미글로벌,"건축기술, 엔지니어링 및 관련 기술 서비스업"
042700,KOSPI,한미반도체,기계제조
008930,KOSPI,한미사이언스,금융
047080,KOSDAQ,한빛소프트,IT
009240,KOSPI,한샘,생활용품 도매업
020000,KOSPI,한섬,의류
003680,KOSPI,한성기업,수산물 가공 및 저장 처리업
105630,KOSPI,한세실업,의류
069640,KOSPI,한세엠케이,"섬유, 의복, 신발 및 가죽제품 소매업"
016450,KOSPI,한세예스24홀딩스,의류
010420,KOSPI,한솔PNS,도매업
009180,KOSPI,한솔로지스틱스,기타 운송관련 서비스업
070590,KOSDAQ,한솔인티큐브,IT
213500,KOSPI,한솔제지,"펄프, 종이 및 판지 제조업"
014680,KOSPI,한솔케미칼,화학
004710,KOSPI,한솔테크닉스,전자
004150,KOSPI,한솔홀딩스,금융
025750,KOSPI,한솔홈데코,제재 및 목재 가공업
226440,KOSDAQ,한송네오텍,기계제조
004960,KOSPI,한신공영,건설주
011700,KOSPI,한신기계,기계
078350,KOSDAQ,한양디지텍,반도체
045100,KOSDAQ,한양이엔지,"건축기술, 엔지니어링 및 관련 기술 서비스업"
001750,KOSPI,한양증권,금융
018880,KOSPI,한온시스템,기계
014130,KOSPI,한익스프레스,화물운송
046110,KOSDAQ,한일네트웍스,IT
024740,KOSDAQ,한일단조,자동차
005860,KOSDAQ,한일사료,동물용 사료 및 조제식품 제조업
300720,KOSPI,한일시멘트,"시멘트, 석회, 플라스터 및 그 제품 제조업"
123840,KOSDAQ,한일진공,기계제조
002220,KOSPI,한일철강,철강
006390,KOSPI,한일현대시멘트,"시멘트, 석회, 플라스터 및 그 제품 제조업"
003300,KOSPI,한일홀딩스,"시멘트, 석회, 플라스터 및 그 제품 제조업"
007770,KOSDAQ,한일화학,화학
051600,KOSPI,한전KPS,전기통신업
052690,KOSPI,한전기술,"건축기술, 엔지니어링 및 관련 기술 서비스업"
130660,KOSPI,한전산업,"건축기술, 엔지니어링 및 관련 기술 서비스업"
002320,KOSPI,한진,화물운송
097230,KOSPI,한진중공업,토목 건설업
003480,KOSPI,한진중공업홀딩스,연료용 가스 제조 및 배관공급업
180640,KOSPI,한진칼,항공 여객 운송업
005110,KOSPI,한창,기계장비 및 관련 물품 도매업
079170,KOSDAQ,한창산업,철강
009460,KOSPI,한창제지,"펄프, 종이 및 판지 제조업"
086960,KOSDAQ,한컴MDS,IT
054920,KOSDAQ,한컴위드,IT
002680,KOSDAQ,한탑,"곡물가공품, 전분 및 전분제품 제조업"
066110,KOSDAQ,한프,컴퓨터 및 주변장치 제조업
000880,KOSPI,한화,화학
088350,KOSPI,한화생명,보험업
000370,KOSPI,한화손해보험,보험업
009830,KOSPI,한화솔루션,화학
272210,KOSPI,한화시스템,전자
012450,KOSPI,한화에어로스페이스,"항공기,우주선 및 부품 제조업"
003530,KOSPI,한화투자증권,금융
102210,KOSDAQ,해덕파워웨이,선박 및 보트 건조업
220630,KOSDAQ,해마로푸드서비스,음식도매
195870,KOSPI,해성디에스,전자
034810,KOSDAQ,해성산업,부동산
076610,KOSDAQ,해성옵틱스,사진장비 및 광학기기 제조업
101530,KOSPI,해태제과식품,식품제조
220180,KOSDAQ,핸디소프트,IT
143210,KOSPI,핸즈코퍼레이션,자동차
008800,KOSDAQ,행남사,식품제조
000720,KOSPI,현대건설,토목 건설업
267270,KOSPI,현대건설기계,기계
170030,KOSDAQ,현대공업,자동차
005440,KOSPI,현대그린푸드,소매업
086280,KOSPI,현대글로비스,기타 운송관련 서비스업
064350,KOSPI,현대로템,철도장비 제조업
079430,KOSPI,현대리바트,가구 제조업
012330,KOSPI,현대모비스,자동차
010620,KOSPI,현대미포조선,선박 및 보트 건조업
069960,KOSPI,현대백화점,소매업
004560,KOSPI,현대비앤지스틸,철강
016790,KOSDAQ,현대사료,동물용 사료 및 조제식품 제조업
011760,KOSPI,현대상사,도매업
322000,KOSPI,현대에너지솔루션,반도체
017800,KOSPI,현대엘리베이,기계
307950,KOSPI,현대오토에버,IT
011210,KOSPI,현대위아,자동차
267260,KOSPI,현대일렉트릭,전동기계
004020,KOSPI,현대제철,철강
267250,KOSPI,현대중공업지주,석유 정제품 제조업
005380,KOSPI,현대차,자동차용 엔진 및 자동차 제조업
001500,KOSPI,현대차증권,금융
227840,KOSPI,현대코퍼레이션홀딩스,음식도매
039010,KOSDAQ,현대통신,통신방송
126560,KOSPI,현대퓨처넷,방송업
001450,KOSPI,현대해상,보험업
057050,KOSPI,현대홈쇼핑,무점포 소매업
092300,KOSDAQ,현우산업,전자
053660,KOSDAQ,현진소재,기타 철강 가공제품 제조업
011080,KOSDAQ,형지I&C,의류
093240,KOSPI,형지엘리트,의류
003010,KOSPI,혜인,기계장비 및 관련 물품 도매업
111110,KOSPI,호전실업,의류
008770,KOSPI,호텔신라,기타 상품 전문 소매업
060560,KOSDAQ,홈센타홀딩스,도매업
064240,KOSDAQ,홈캐스트,영상음향
039610,KOSDAQ,화성밸브,기계
002460,KOSPI,화성산업,건설주
013520,KOSPI,화승알앤에이,자동차
241590,KOSPI,화승엔터프라이즈,신발 및 신발 부분품 제조업
006060,KOSPI,화승인더,화학
010690,KOSPI,화신,자동차
126640,KOSDAQ,화신정공,자동차
133820,KOSPI,화인베스틸,철강
010660,KOSPI,화천기계,기계제조
000850,KOSPI,화천기공,기계제조
032560,KOSPI,황금에스티,철강
004800,KOSPI,효성,금융
094280,KOSPI,효성ITX,기타 사업지원 서비스업
097870,KOSDAQ,효성오앤비,"비료, 농약 및 살균, 살충제 제조업"
298040,KOSPI,효성중공업,전동기계
298050,KOSPI,효성첨단소재,화학섬유 제조업
298020,KOSPI,효성티앤씨,화학섬유 제조업
298000,KOSPI,효성화학,화학
093370,KOSPI,후성,화학
050090,KOSDAQ,휘닉스소재,전자
081660,KOSPI,휠라홀딩스,생활용품 도매업
290270,KOSDAQ,휴네시온,IT
005870,KOSPI,휴니드,통신방송
090710,KOSDAQ,휴림로봇,기계제조
115160,KOSDAQ,휴맥스,영상음향
079980,KOSPI,휴비스,화학섬유 제조업
005010,KOSPI,휴스틸,철강
069260,KOSPI,휴켐스,화학
024060,KOSDAQ,흥구석유,도매업
010240,KOSDAQ,흥국,기계제조
189980,KOSDAQ,흥국에프엔비,비알코올음료 및 얼음 제조업
000540,KOSPI,흥국화재,보험업
003280,KOSPI,흥아해운,해상운송
037440,KOSDAQ,희림,"건축기술, 엔지니어링 및 관련 기술 서비스업"
238490,KOSDAQ,힘스,기계제조
